年,類別,縣市,投票數,選舉人數
2005,縣市長,臺北縣,1825261,2750960
2005,縣市長,宜蘭縣,239236,340550
2005,縣市長,桃園縣,814908,1319334
2005,縣市長,新竹縣,238887,335906
2005,縣市長,苗栗縣,285632,411296
2005,縣市長,臺中縣,719004,1092962
2005,縣市長,南投縣,281147,398903
2005,縣市長,嘉義縣,302614,422387
2005,縣市長,高雄縣,608078,928781
2005,縣市長,屏東縣,475542,672781
2005,縣市長,臺東縣,108186,178785
2005,縣市長,花蓮縣,159377,258736
2008,總統,臺北縣,2247503,2878477
2008,總統,宜蘭縣,256642,346921
2008,總統,桃園縣,1083348,1396390
2008,總統,新竹縣,284346,358433
2008,總統,苗栗縣,322838,420176
2008,總統,臺中縣,868165,1135237
2008,總統,南投縣,292052,404968
2008,總統,嘉義縣,309372,427808
2008,總統,高雄縣,733092,953610
2008,總統,屏東縣,500923,679205
2008,總統,臺東縣,112359,177843
2008,總統,花蓮縣,179577,260820
2009,縣市長,宜蘭縣,248706,351858
2009,縣市長,桃園縣,772180,1437190
2009,縣市長,新竹縣,256770,369480
2009,縣市長,苗栗縣,290780,425837
2009,縣市長,南投縣,276424,408006
2009,縣市長,嘉義縣,322764,428673
2009,縣市長,屏東縣,464677,682475
2009,縣市長,臺東縣,110226,178139
2009,縣市長,花蓮縣,155357,261214
2010,縣市長,新北市,2142410,3006877
2010,縣市長,臺中市,1446519,1977368
2010,縣市長,高雄市,1570895,2166119
2012,總統,新北市,2333708,3074849
2012,總統,臺中市,1529053,2018158
2012,總統,高雄市,1664032,2192005
2012,總統,宜蘭縣,259741,358059
2012,總統,桃園縣,1124996,1506311
2012,總統,新竹縣,292313,384261
2012,總統,苗栗縣,325561,436219
2012,總統,南投縣,292671,411482
2012,總統,嘉義縣,312825,431588
2012,總統,屏東縣,497426,684517
2012,總統,臺東縣,110572,178938
2012,總統,花蓮縣,170589,263888
2014,縣市長,新竹縣,277203,403173
2014,縣市長,苗栗縣,324807,446182
2014,縣市長,南投縣,302736,414091
2014,縣市長,嘉義縣,319393,430505
2014,縣市長,屏東縣,505009,686810
2014,縣市長,宜蘭縣,257288,365138
2014,縣市長,花蓮縣,164031,265571
2014,縣市長,臺東縣,121406,179015
2014,縣市長,新北市,1946063,3156402
2014,縣市長,桃園市,984099,1568713
2014,縣市長,臺中市,1506023,2093689
2014,縣市長,高雄市,1482425,2231225
2016,總統,新北市,2154229,3204367
2016,總統,桃園市,1085002,1627598
2016,總統,臺中市,1461896,2138519
2016,總統,高雄市,1524873,2254324
2016,總統,新竹縣,271939,412731
2016,總統,苗栗縣,290680,448520
2016,總統,南投縣,264225,415122
2016,總統,嘉義縣,284102,430885
2016,總統,屏東縣,454951,689170
2016,總統,宜蘭縣,236490,369211
2016,總統,花蓮縣,157185,267862
2016,總統,臺東縣,98871,179547
2018,縣市長,新竹縣,290600,427652
2018,縣市長,苗栗縣,315841,446507
2018,縣市長,南投縣,300608,413222
2018,縣市長,嘉義縣,303269,428649
2018,縣市長,屏東縣,490078,689393
2018,縣市長,宜蘭縣,258048,373510
2018,縣市長,花蓮縣,174376,268817
2018,縣市長,臺東縣,122786,179706
2018,縣市長,新北市,2089127,3264128
2018,縣市長,桃園市,1050527,1732591
2018,縣市長,臺中市,1493365,2213789
2018,縣市長,高雄市,1677650,2281338
2020,總統,新北市,2494228,3321459
2020,總統,桃園市,1325207,1780755
2020,總統,臺中市,1719020,2251064
2020,總統,高雄市,1780832,2299558
2020,總統,宜蘭縣,277435,375608
2020,總統,新竹縣,329009,438049
2020,總統,苗栗縣,330179,447422
2020,總統,南投縣,302707,413485
2020,總統,嘉義縣,311038,428640
2020,總統,屏東縣,516042,688793
2020,總統,臺東縣,116787,179536
2020,總統,花蓮縣,187293,269558
2022,縣市長,宜蘭縣,240916,374779
2022,縣市長,新竹縣,267013,452720
2022,縣市長,苗栗縣,298319,443908
2022,縣市長,南投縣,280596,406195
2022,縣市長,嘉義縣,284490,422568
2022,縣市長,屏東縣,456382,679330
2022,縣市長,臺東縣,115226,177853
2022,縣市長,花蓮縣,153138,266058
2022,縣市長,高雄市,1337819,2282623
2022,縣市長,新北市,1877186,3316517
2022,縣市長,臺中市,1364629,2274107
2022,縣市長,桃園市,1085225,1825127
2024,總統,新北市,2476077,3402064
2024,總統,桃園市,1359689,1882592
2024,總統,臺中市,1719917,2328896
2024,總統,高雄市,1647466,2312303
2024,總統,宜蘭縣,269054,379026
2024,總統,新竹縣,342752,466558
2024,總統,苗栗縣,320991,447767
2024,總統,南投縣,289514,407149
2024,總統,嘉義縣,294998,423199
2024,總統,屏東縣,479379,681631
2024,總統,臺東縣,110836,178728
2024,總統,花蓮縣,176018,267824
