輪次,年,選舉日,類別,縣市,鄉區,當年縣市,當年鄉區名,號次,候選人,副手,政黨,全縣市當選,得票數,有效票,無效票,投票數,選舉人數
2005 縣市長,2005,2005-12-03,縣市長,新北市,烏來,臺北縣,烏來鄉,1,黃福卿,,無,,22,2919,39,2958,3743
2005 縣市長,2005,2005-12-03,縣市長,新北市,烏來,臺北縣,烏來鄉,2,周錫瑋,,中國國民黨,Y,1863,2919,39,2958,3743
2005 縣市長,2005,2005-12-03,縣市長,新北市,烏來,臺北縣,烏來鄉,3,陳誠鈞,,無,,6,2919,39,2958,3743
2005 縣市長,2005,2005-12-03,縣市長,新北市,烏來,臺北縣,烏來鄉,4,陳俊傑,,無,,3,2919,39,2958,3743
2005 縣市長,2005,2005-12-03,縣市長,新北市,烏來,臺北縣,烏來鄉,5,羅文嘉,,民主進步黨,,1020,2919,39,2958,3743
2005 縣市長,2005,2005-12-03,縣市長,新北市,烏來,臺北縣,烏來鄉,6,黃茂全,,無,,5,2919,39,2958,3743
2005 縣市長,2005,2005-12-03,縣市長,宜蘭縣,大同,宜蘭縣,大同鄉,1,陳定南,,民主進步黨,,485,3023,53,3076,4119
2005 縣市長,2005,2005-12-03,縣市長,宜蘭縣,大同,宜蘭縣,大同鄉,2,謝李靜宜,,無,,47,3023,53,3076,4119
2005 縣市長,2005,2005-12-03,縣市長,宜蘭縣,大同,宜蘭縣,大同鄉,3,呂國華,,中國國民黨,Y,2491,3023,53,3076,4119
2005 縣市長,2005,2005-12-03,縣市長,宜蘭縣,南澳,宜蘭縣,南澳鄉,1,陳定南,,民主進步黨,,283,2992,48,3040,4000
2005 縣市長,2005,2005-12-03,縣市長,宜蘭縣,南澳,宜蘭縣,南澳鄉,2,謝李靜宜,,無,,37,2992,48,3040,4000
2005 縣市長,2005,2005-12-03,縣市長,宜蘭縣,南澳,宜蘭縣,南澳鄉,3,呂國華,,中國國民黨,Y,2672,2992,48,3040,4000
2005 縣市長,2005,2005-12-03,縣市長,桃園市,復興,桃園縣,復興鄉,1,朱立倫,,中國國民黨,Y,4135,5135,102,5237,7943
2005 縣市長,2005,2005-12-03,縣市長,桃園市,復興,桃園縣,復興鄉,2,鄭寶清,,民主進步黨,,970,5135,102,5237,7943
2005 縣市長,2005,2005-12-03,縣市長,桃園市,復興,桃園縣,復興鄉,3,吳家登,,無,,30,5135,102,5237,7943
2005 縣市長,2005,2005-12-03,縣市長,新竹縣,尖石,新竹縣,尖石鄉,1,林光華,,民主進步黨,,695,4397,92,4489,5763
2005 縣市長,2005,2005-12-03,縣市長,新竹縣,尖石,新竹縣,尖石鄉,2,鄭永金,,中國國民黨,Y,3702,4397,92,4489,5763
2005 縣市長,2005,2005-12-03,縣市長,新竹縣,五峰,新竹縣,五峰鄉,1,林光華,,民主進步黨,,443,2684,58,2742,3525
2005 縣市長,2005,2005-12-03,縣市長,新竹縣,五峰,新竹縣,五峰鄉,2,鄭永金,,中國國民黨,Y,2241,2684,58,2742,3525
2005 縣市長,2005,2005-12-03,縣市長,苗栗縣,泰安,苗栗縣,泰安鄉,1,顏培元,,無,,42,3480,85,3565,4248
2005 縣市長,2005,2005-12-03,縣市長,苗栗縣,泰安,苗栗縣,泰安鄉,2,陳秀龍,,無,,55,3480,85,3565,4248
2005 縣市長,2005,2005-12-03,縣市長,苗栗縣,泰安,苗栗縣,泰安鄉,3,劉政鴻,,中國國民黨,Y,2273,3480,85,3565,4248
2005 縣市長,2005,2005-12-03,縣市長,苗栗縣,泰安,苗栗縣,泰安鄉,4,邱炳坤,,民主進步黨,,415,3480,85,3565,4248
2005 縣市長,2005,2005-12-03,縣市長,苗栗縣,泰安,苗栗縣,泰安鄉,5,徐耀昌,,無,,668,3480,85,3565,4248
2005 縣市長,2005,2005-12-03,縣市長,苗栗縣,泰安,苗栗縣,泰安鄉,6,江炳輝,,無,,27,3480,85,3565,4248
2005 縣市長,2005,2005-12-03,縣市長,臺中市,和平,臺中縣,和平鄉,1,邱太三,,民主進步黨,,1375,6049,149,6198,8730
2005 縣市長,2005,2005-12-03,縣市長,臺中市,和平,臺中縣,和平鄉,2,黃仲生,,中國國民黨,Y,4551,6049,149,6198,8730
2005 縣市長,2005,2005-12-03,縣市長,臺中市,和平,臺中縣,和平鄉,3,林振昌,,無,,123,6049,149,6198,8730
2005 縣市長,2005,2005-12-03,縣市長,南投縣,信義,南投縣,信義鄉,1,林宗男,,無,,1949,6865,118,6983,12094
2005 縣市長,2005,2005-12-03,縣市長,南投縣,信義,南投縣,信義鄉,2,林明溱,,無,,91,6865,118,6983,12094
2005 縣市長,2005,2005-12-03,縣市長,南投縣,信義,南投縣,信義鄉,3,李朝卿,,中國國民黨,Y,3614,6865,118,6983,12094
2005 縣市長,2005,2005-12-03,縣市長,南投縣,信義,南投縣,信義鄉,4,蔡煌瑯,,民主進步黨,,1211,6865,118,6983,12094
2005 縣市長,2005,2005-12-03,縣市長,南投縣,仁愛,南投縣,仁愛鄉,1,林宗男,,無,,2160,8196,158,8354,11272
2005 縣市長,2005,2005-12-03,縣市長,南投縣,仁愛,南投縣,仁愛鄉,2,林明溱,,無,,194,8196,158,8354,11272
2005 縣市長,2005,2005-12-03,縣市長,南投縣,仁愛,南投縣,仁愛鄉,3,李朝卿,,中國國民黨,Y,4720,8196,158,8354,11272
2005 縣市長,2005,2005-12-03,縣市長,南投縣,仁愛,南投縣,仁愛鄉,4,蔡煌瑯,,民主進步黨,,1122,8196,158,8354,11272
2005 縣市長,2005,2005-12-03,縣市長,嘉義縣,阿里山,嘉義縣,阿里山鄉,1,陳明文,,民主進步黨,Y,1490,2905,65,2970,4643
2005 縣市長,2005,2005-12-03,縣市長,嘉義縣,阿里山,嘉義縣,阿里山鄉,2,陳明振,,中國國民黨,,1415,2905,65,2970,4643
2005 縣市長,2005,2005-12-03,縣市長,高雄市,茂林,高雄縣,茂林鄉,1,楊秋興,,民主進步黨,Y,320,1126,23,1149,1241
2005 縣市長,2005,2005-12-03,縣市長,高雄市,茂林,高雄縣,茂林鄉,2,林益世,,中國國民黨,,806,1126,23,1149,1241
2005 縣市長,2005,2005-12-03,縣市長,高雄市,桃源,高雄縣,桃源鄉,1,楊秋興,,民主進步黨,Y,857,2801,83,2884,3542
2005 縣市長,2005,2005-12-03,縣市長,高雄市,桃源,高雄縣,桃源鄉,2,林益世,,中國國民黨,,1944,2801,83,2884,3542
2005 縣市長,2005,2005-12-03,縣市長,高雄市,那瑪夏,高雄縣,三民鄉,1,楊秋興,,民主進步黨,Y,716,1988,44,2032,2393
2005 縣市長,2005,2005-12-03,縣市長,高雄市,那瑪夏,高雄縣,三民鄉,2,林益世,,中國國民黨,,1272,1988,44,2032,2393
2005 縣市長,2005,2005-12-03,縣市長,屏東縣,三地門,屏東縣,三地門鄉,1,曹啟鴻,,民主進步黨,Y,1004,4456,94,4550,5541
2005 縣市長,2005,2005-12-03,縣市長,屏東縣,三地門,屏東縣,三地門鄉,2,宋麗華,,無,,726,4456,94,4550,5541
2005 縣市長,2005,2005-12-03,縣市長,屏東縣,三地門,屏東縣,三地門鄉,3,王進士,,中國國民黨,,2672,4456,94,4550,5541
2005 縣市長,2005,2005-12-03,縣市長,屏東縣,三地門,屏東縣,三地門鄉,4,李景雯,,無,,54,4456,94,4550,5541
2005 縣市長,2005,2005-12-03,縣市長,屏東縣,霧臺,屏東縣,霧臺鄉,1,曹啟鴻,,民主進步黨,Y,435,1939,44,1983,2336
2005 縣市長,2005,2005-12-03,縣市長,屏東縣,霧臺,屏東縣,霧臺鄉,2,宋麗華,,無,,279,1939,44,1983,2336
2005 縣市長,2005,2005-12-03,縣市長,屏東縣,霧臺,屏東縣,霧臺鄉,3,王進士,,中國國民黨,,1198,1939,44,1983,2336
2005 縣市長,2005,2005-12-03,縣市長,屏東縣,霧臺,屏東縣,霧臺鄉,4,李景雯,,無,,27,1939,44,1983,2336
2005 縣市長,2005,2005-12-03,縣市長,屏東縣,瑪家,屏東縣,瑪家鄉,1,曹啟鴻,,民主進步黨,Y,814,3851,45,3896,4896
2005 縣市長,2005,2005-12-03,縣市長,屏東縣,瑪家,屏東縣,瑪家鄉,2,宋麗華,,無,,371,3851,45,3896,4896
2005 縣市長,2005,2005-12-03,縣市長,屏東縣,瑪家,屏東縣,瑪家鄉,3,王進士,,中國國民黨,,2623,3851,45,3896,4896
2005 縣市長,2005,2005-12-03,縣市長,屏東縣,瑪家,屏東縣,瑪家鄉,4,李景雯,,無,,43,3851,45,3896,4896
2005 縣市長,2005,2005-12-03,縣市長,屏東縣,泰武,屏東縣,泰武鄉,1,曹啟鴻,,民主進步黨,Y,559,2963,51,3014,3663
2005 縣市長,2005,2005-12-03,縣市長,屏東縣,泰武,屏東縣,泰武鄉,2,宋麗華,,無,,438,2963,51,3014,3663
2005 縣市長,2005,2005-12-03,縣市長,屏東縣,泰武,屏東縣,泰武鄉,3,王進士,,中國國民黨,,1939,2963,51,3014,3663
2005 縣市長,2005,2005-12-03,縣市長,屏東縣,泰武,屏東縣,泰武鄉,4,李景雯,,無,,27,2963,51,3014,3663
2005 縣市長,2005,2005-12-03,縣市長,屏東縣,來義,屏東縣,來義鄉,1,曹啟鴻,,民主進步黨,Y,626,4172,105,4277,5773
2005 縣市長,2005,2005-12-03,縣市長,屏東縣,來義,屏東縣,來義鄉,2,宋麗華,,無,,584,4172,105,4277,5773
2005 縣市長,2005,2005-12-03,縣市長,屏東縣,來義,屏東縣,來義鄉,3,王進士,,中國國民黨,,2916,4172,105,4277,5773
2005 縣市長,2005,2005-12-03,縣市長,屏東縣,來義,屏東縣,來義鄉,4,李景雯,,無,,46,4172,105,4277,5773
2005 縣市長,2005,2005-12-03,縣市長,屏東縣,春日,屏東縣,春日鄉,1,曹啟鴻,,民主進步黨,Y,305,2774,158,2932,3631
2005 縣市長,2005,2005-12-03,縣市長,屏東縣,春日,屏東縣,春日鄉,2,宋麗華,,無,,558,2774,158,2932,3631
2005 縣市長,2005,2005-12-03,縣市長,屏東縣,春日,屏東縣,春日鄉,3,王進士,,中國國民黨,,1883,2774,158,2932,3631
2005 縣市長,2005,2005-12-03,縣市長,屏東縣,春日,屏東縣,春日鄉,4,李景雯,,無,,28,2774,158,2932,3631
2005 縣市長,2005,2005-12-03,縣市長,屏東縣,獅子,屏東縣,獅子鄉,1,曹啟鴻,,民主進步黨,Y,372,2558,56,2614,3715
2005 縣市長,2005,2005-12-03,縣市長,屏東縣,獅子,屏東縣,獅子鄉,2,宋麗華,,無,,353,2558,56,2614,3715
2005 縣市長,2005,2005-12-03,縣市長,屏東縣,獅子,屏東縣,獅子鄉,3,王進士,,中國國民黨,,1812,2558,56,2614,3715
2005 縣市長,2005,2005-12-03,縣市長,屏東縣,獅子,屏東縣,獅子鄉,4,李景雯,,無,,21,2558,56,2614,3715
2005 縣市長,2005,2005-12-03,縣市長,屏東縣,牡丹,屏東縣,牡丹鄉,1,曹啟鴻,,民主進步黨,Y,479,2692,66,2758,3850
2005 縣市長,2005,2005-12-03,縣市長,屏東縣,牡丹,屏東縣,牡丹鄉,2,宋麗華,,無,,287,2692,66,2758,3850
2005 縣市長,2005,2005-12-03,縣市長,屏東縣,牡丹,屏東縣,牡丹鄉,3,王進士,,中國國民黨,,1876,2692,66,2758,3850
2005 縣市長,2005,2005-12-03,縣市長,屏東縣,牡丹,屏東縣,牡丹鄉,4,李景雯,,無,,50,2692,66,2758,3850
2005 縣市長,2005,2005-12-03,縣市長,臺東縣,海端,臺東縣,海端鄉,1,劉櫂豪,,無,,495,1913,108,2021,3181
2005 縣市長,2005,2005-12-03,縣市長,臺東縣,海端,臺東縣,海端鄉,2,吳俊立,,無,Y,1360,1913,108,2021,3181
2005 縣市長,2005,2005-12-03,縣市長,臺東縣,海端,臺東縣,海端鄉,3,彭權國,,無,,58,1913,108,2021,3181
2005 縣市長,2005,2005-12-03,縣市長,臺東縣,延平,臺東縣,延平鄉,1,劉櫂豪,,無,,745,1822,64,1886,2734
2005 縣市長,2005,2005-12-03,縣市長,臺東縣,延平,臺東縣,延平鄉,2,吳俊立,,無,Y,1044,1822,64,1886,2734
2005 縣市長,2005,2005-12-03,縣市長,臺東縣,延平,臺東縣,延平鄉,3,彭權國,,無,,33,1822,64,1886,2734
2005 縣市長,2005,2005-12-03,縣市長,臺東縣,金峰,臺東縣,金峰鄉,1,劉櫂豪,,無,,616,1842,48,1890,2465
2005 縣市長,2005,2005-12-03,縣市長,臺東縣,金峰,臺東縣,金峰鄉,2,吳俊立,,無,Y,1209,1842,48,1890,2465
2005 縣市長,2005,2005-12-03,縣市長,臺東縣,金峰,臺東縣,金峰鄉,3,彭權國,,無,,17,1842,48,1890,2465
2005 縣市長,2005,2005-12-03,縣市長,臺東縣,達仁,臺東縣,達仁鄉,1,劉櫂豪,,無,,530,1983,72,2055,2990
2005 縣市長,2005,2005-12-03,縣市長,臺東縣,達仁,臺東縣,達仁鄉,2,吳俊立,,無,Y,1423,1983,72,2055,2990
2005 縣市長,2005,2005-12-03,縣市長,臺東縣,達仁,臺東縣,達仁鄉,3,彭權國,,無,,30,1983,72,2055,2990
2005 縣市長,2005,2005-12-03,縣市長,臺東縣,蘭嶼,臺東縣,蘭嶼鄉,1,劉櫂豪,,無,,476,1289,216,1505,2634
2005 縣市長,2005,2005-12-03,縣市長,臺東縣,蘭嶼,臺東縣,蘭嶼鄉,2,吳俊立,,無,Y,752,1289,216,1505,2634
2005 縣市長,2005,2005-12-03,縣市長,臺東縣,蘭嶼,臺東縣,蘭嶼鄉,3,彭權國,,無,,61,1289,216,1505,2634
2005 縣市長,2005,2005-12-03,縣市長,花蓮縣,秀林,花蓮縣,秀林鄉,1,柯賜海,,無,,605,6607,198,6805,10113
2005 縣市長,2005,2005-12-03,縣市長,花蓮縣,秀林,花蓮縣,秀林鄉,2,盧博基,,民主進步黨,,914,6607,198,6805,10113
2005 縣市長,2005,2005-12-03,縣市長,花蓮縣,秀林,花蓮縣,秀林鄉,3,謝深山,,中國國民黨,Y,2824,6607,198,6805,10113
2005 縣市長,2005,2005-12-03,縣市長,花蓮縣,秀林,花蓮縣,秀林鄉,4,傅崐萁,,親民黨,,2264,6607,198,6805,10113
2005 縣市長,2005,2005-12-03,縣市長,花蓮縣,萬榮,花蓮縣,萬榮鄉,1,柯賜海,,無,,211,3062,96,3158,4846
2005 縣市長,2005,2005-12-03,縣市長,花蓮縣,萬榮,花蓮縣,萬榮鄉,2,盧博基,,民主進步黨,,241,3062,96,3158,4846
2005 縣市長,2005,2005-12-03,縣市長,花蓮縣,萬榮,花蓮縣,萬榮鄉,3,謝深山,,中國國民黨,Y,1774,3062,96,3158,4846
2005 縣市長,2005,2005-12-03,縣市長,花蓮縣,萬榮,花蓮縣,萬榮鄉,4,傅崐萁,,親民黨,,836,3062,96,3158,4846
2005 縣市長,2005,2005-12-03,縣市長,花蓮縣,卓溪,花蓮縣,卓溪鄉,1,柯賜海,,無,,158,2965,87,3052,4739
2005 縣市長,2005,2005-12-03,縣市長,花蓮縣,卓溪,花蓮縣,卓溪鄉,2,盧博基,,民主進步黨,,218,2965,87,3052,4739
2005 縣市長,2005,2005-12-03,縣市長,花蓮縣,卓溪,花蓮縣,卓溪鄉,3,謝深山,,中國國民黨,Y,1789,2965,87,3052,4739
2005 縣市長,2005,2005-12-03,縣市長,花蓮縣,卓溪,花蓮縣,卓溪鄉,4,傅崐萁,,親民黨,,800,2965,87,3052,4739
2008 總統,2008,2008-03-22,總統,新北市,烏來,臺北縣,烏來鄉,1,謝長廷,蘇貞昌,民主進步黨,,952,3076,29,3105,4056
2008 總統,2008,2008-03-22,總統,新北市,烏來,臺北縣,烏來鄉,2,馬英九,蕭萬長,中國國民黨,Y,2124,3076,29,3105,4056
2008 總統,2008,2008-03-22,總統,宜蘭縣,大同,宜蘭縣,大同鄉,1,謝長廷,蘇貞昌,民主進步黨,,435,3148,25,3173,4253
2008 總統,2008,2008-03-22,總統,宜蘭縣,大同,宜蘭縣,大同鄉,2,馬英九,蕭萬長,中國國民黨,Y,2713,3148,25,3173,4253
2008 總統,2008,2008-03-22,總統,宜蘭縣,南澳,宜蘭縣,南澳鄉,1,謝長廷,蘇貞昌,民主進步黨,,193,3065,17,3082,4072
2008 總統,2008,2008-03-22,總統,宜蘭縣,南澳,宜蘭縣,南澳鄉,2,馬英九,蕭萬長,中國國民黨,Y,2872,3065,17,3082,4072
2008 總統,2008,2008-03-22,總統,桃園市,復興,桃園縣,復興鄉,1,謝長廷,蘇貞昌,民主進步黨,,1059,5501,62,5563,7932
2008 總統,2008,2008-03-22,總統,桃園市,復興,桃園縣,復興鄉,2,馬英九,蕭萬長,中國國民黨,Y,4442,5501,62,5563,7932
2008 總統,2008,2008-03-22,總統,新竹縣,尖石,新竹縣,尖石鄉,1,謝長廷,蘇貞昌,民主進步黨,,550,4253,46,4299,5914
2008 總統,2008,2008-03-22,總統,新竹縣,尖石,新竹縣,尖石鄉,2,馬英九,蕭萬長,中國國民黨,Y,3703,4253,46,4299,5914
2008 總統,2008,2008-03-22,總統,新竹縣,五峰,新竹縣,五峰鄉,1,謝長廷,蘇貞昌,民主進步黨,,297,2517,26,2543,3443
2008 總統,2008,2008-03-22,總統,新竹縣,五峰,新竹縣,五峰鄉,2,馬英九,蕭萬長,中國國民黨,Y,2220,2517,26,2543,3443
2008 總統,2008,2008-03-22,總統,苗栗縣,泰安,苗栗縣,泰安鄉,1,謝長廷,蘇貞昌,民主進步黨,,347,3230,15,3245,4413
2008 總統,2008,2008-03-22,總統,苗栗縣,泰安,苗栗縣,泰安鄉,2,馬英九,蕭萬長,中國國民黨,Y,2883,3230,15,3245,4413
2008 總統,2008,2008-03-22,總統,臺中市,和平,臺中縣,和平鄉,1,謝長廷,蘇貞昌,民主進步黨,,1361,5971,57,6028,8714
2008 總統,2008,2008-03-22,總統,臺中市,和平,臺中縣,和平鄉,2,馬英九,蕭萬長,中國國民黨,Y,4610,5971,57,6028,8714
2008 總統,2008,2008-03-22,總統,南投縣,仁愛,南投縣,仁愛鄉,1,謝長廷,蘇貞昌,民主進步黨,,756,7958,60,8018,11496
2008 總統,2008,2008-03-22,總統,南投縣,仁愛,南投縣,仁愛鄉,2,馬英九,蕭萬長,中國國民黨,Y,7202,7958,60,8018,11496
2008 總統,2008,2008-03-22,總統,南投縣,信義,南投縣,信義鄉,1,謝長廷,蘇貞昌,民主進步黨,,2031,8253,80,8333,12319
2008 總統,2008,2008-03-22,總統,南投縣,信義,南投縣,信義鄉,2,馬英九,蕭萬長,中國國民黨,Y,6222,8253,80,8333,12319
2008 總統,2008,2008-03-22,總統,嘉義縣,阿里山,嘉義縣,阿里山鄉,1,謝長廷,蘇貞昌,民主進步黨,,658,3086,26,3112,4679
2008 總統,2008,2008-03-22,總統,嘉義縣,阿里山,嘉義縣,阿里山鄉,2,馬英九,蕭萬長,中國國民黨,Y,2428,3086,26,3112,4679
2008 總統,2008,2008-03-22,總統,高雄市,桃源,高雄縣,桃源鄉,1,謝長廷,蘇貞昌,民主進步黨,,220,2127,14,2141,3450
2008 總統,2008,2008-03-22,總統,高雄市,桃源,高雄縣,桃源鄉,2,馬英九,蕭萬長,中國國民黨,Y,1907,2127,14,2141,3450
2008 總統,2008,2008-03-22,總統,高雄市,那瑪夏,高雄縣,三民鄉,1,謝長廷,蘇貞昌,民主進步黨,,267,1612,11,1623,2402
2008 總統,2008,2008-03-22,總統,高雄市,那瑪夏,高雄縣,三民鄉,2,馬英九,蕭萬長,中國國民黨,Y,1345,1612,11,1623,2402
2008 總統,2008,2008-03-22,總統,高雄市,茂林,高雄縣,茂林鄉,1,謝長廷,蘇貞昌,民主進步黨,,93,952,3,955,1276
2008 總統,2008,2008-03-22,總統,高雄市,茂林,高雄縣,茂林鄉,2,馬英九,蕭萬長,中國國民黨,Y,859,952,3,955,1276
2008 總統,2008,2008-03-22,總統,屏東縣,三地門,屏東縣,三地門鄉,1,謝長廷,蘇貞昌,民主進步黨,,480,4042,20,4062,5586
2008 總統,2008,2008-03-22,總統,屏東縣,三地門,屏東縣,三地門鄉,2,馬英九,蕭萬長,中國國民黨,Y,3562,4042,20,4062,5586
2008 總統,2008,2008-03-22,總統,屏東縣,霧臺,屏東縣,霧臺鄉,1,謝長廷,蘇貞昌,民主進步黨,,238,1660,13,1673,2324
2008 總統,2008,2008-03-22,總統,屏東縣,霧臺,屏東縣,霧臺鄉,2,馬英九,蕭萬長,中國國民黨,Y,1422,1660,13,1673,2324
2008 總統,2008,2008-03-22,總統,屏東縣,瑪家,屏東縣,瑪家鄉,1,謝長廷,蘇貞昌,民主進步黨,,388,3620,18,3638,5060
2008 總統,2008,2008-03-22,總統,屏東縣,瑪家,屏東縣,瑪家鄉,2,馬英九,蕭萬長,中國國民黨,Y,3232,3620,18,3638,5060
2008 總統,2008,2008-03-22,總統,屏東縣,泰武,屏東縣,泰武鄉,1,謝長廷,蘇貞昌,民主進步黨,,252,2693,7,2700,3719
2008 總統,2008,2008-03-22,總統,屏東縣,泰武,屏東縣,泰武鄉,2,馬英九,蕭萬長,中國國民黨,Y,2441,2693,7,2700,3719
2008 總統,2008,2008-03-22,總統,屏東縣,來義,屏東縣,來義鄉,1,謝長廷,蘇貞昌,民主進步黨,,175,4279,26,4305,5830
2008 總統,2008,2008-03-22,總統,屏東縣,來義,屏東縣,來義鄉,2,馬英九,蕭萬長,中國國民黨,Y,4104,4279,26,4305,5830
2008 總統,2008,2008-03-22,總統,屏東縣,春日,屏東縣,春日鄉,1,謝長廷,蘇貞昌,民主進步黨,,136,2528,17,2545,3684
2008 總統,2008,2008-03-22,總統,屏東縣,春日,屏東縣,春日鄉,2,馬英九,蕭萬長,中國國民黨,Y,2392,2528,17,2545,3684
2008 總統,2008,2008-03-22,總統,屏東縣,獅子,屏東縣,獅子鄉,1,謝長廷,蘇貞昌,民主進步黨,,240,2580,19,2599,3776
2008 總統,2008,2008-03-22,總統,屏東縣,獅子,屏東縣,獅子鄉,2,馬英九,蕭萬長,中國國民黨,Y,2340,2580,19,2599,3776
2008 總統,2008,2008-03-22,總統,屏東縣,牡丹,屏東縣,牡丹鄉,1,謝長廷,蘇貞昌,民主進步黨,,242,2478,16,2494,3888
2008 總統,2008,2008-03-22,總統,屏東縣,牡丹,屏東縣,牡丹鄉,2,馬英九,蕭萬長,中國國民黨,Y,2236,2478,16,2494,3888
2008 總統,2008,2008-03-22,總統,臺東縣,海端,臺東縣,海端鄉,1,謝長廷,蘇貞昌,民主進步黨,,109,1932,23,1955,3227
2008 總統,2008,2008-03-22,總統,臺東縣,海端,臺東縣,海端鄉,2,馬英九,蕭萬長,中國國民黨,Y,1823,1932,23,1955,3227
2008 總統,2008,2008-03-22,總統,臺東縣,延平,臺東縣,延平鄉,1,謝長廷,蘇貞昌,民主進步黨,,176,1667,9,1676,2721
2008 總統,2008,2008-03-22,總統,臺東縣,延平,臺東縣,延平鄉,2,馬英九,蕭萬長,中國國民黨,Y,1491,1667,9,1676,2721
2008 總統,2008,2008-03-22,總統,臺東縣,金峰,臺東縣,金峰鄉,1,謝長廷,蘇貞昌,民主進步黨,,81,1656,10,1666,2453
2008 總統,2008,2008-03-22,總統,臺東縣,金峰,臺東縣,金峰鄉,2,馬英九,蕭萬長,中國國民黨,Y,1575,1656,10,1666,2453
2008 總統,2008,2008-03-22,總統,臺東縣,達仁,臺東縣,達仁鄉,1,謝長廷,蘇貞昌,民主進步黨,,129,1751,11,1762,2936
2008 總統,2008,2008-03-22,總統,臺東縣,達仁,臺東縣,達仁鄉,2,馬英九,蕭萬長,中國國民黨,Y,1622,1751,11,1762,2936
2008 總統,2008,2008-03-22,總統,臺東縣,蘭嶼,臺東縣,蘭嶼鄉,1,謝長廷,蘇貞昌,民主進步黨,,227,1211,29,1240,2873
2008 總統,2008,2008-03-22,總統,臺東縣,蘭嶼,臺東縣,蘭嶼鄉,2,馬英九,蕭萬長,中國國民黨,Y,984,1211,29,1240,2873
2008 總統,2008,2008-03-22,總統,花蓮縣,秀林,花蓮縣,秀林鄉,1,謝長廷,蘇貞昌,民主進步黨,,744,7069,87,7156,10295
2008 總統,2008,2008-03-22,總統,花蓮縣,秀林,花蓮縣,秀林鄉,2,馬英九,蕭萬長,中國國民黨,Y,6325,7069,87,7156,10295
2008 總統,2008,2008-03-22,總統,花蓮縣,萬榮,花蓮縣,萬榮鄉,1,謝長廷,蘇貞昌,民主進步黨,,231,2992,34,3026,4933
2008 總統,2008,2008-03-22,總統,花蓮縣,萬榮,花蓮縣,萬榮鄉,2,馬英九,蕭萬長,中國國民黨,Y,2761,2992,34,3026,4933
2008 總統,2008,2008-03-22,總統,花蓮縣,卓溪,花蓮縣,卓溪鄉,1,謝長廷,蘇貞昌,民主進步黨,,172,2833,47,2880,4807
2008 總統,2008,2008-03-22,總統,花蓮縣,卓溪,花蓮縣,卓溪鄉,2,馬英九,蕭萬長,中國國民黨,Y,2661,2833,47,2880,4807
2009/2010 縣市長,2009,2009-12-05,縣市長,宜蘭縣,大同,宜蘭縣,大同鄉,1,林聰賢,,民主進步黨,Y,812,3465,47,3512,4339
2009/2010 縣市長,2009,2009-12-05,縣市長,宜蘭縣,大同,宜蘭縣,大同鄉,2,呂國華,,中國國民黨,,2653,3465,47,3512,4339
2009/2010 縣市長,2009,2009-12-05,縣市長,宜蘭縣,南澳,宜蘭縣,南澳鄉,1,林聰賢,,民主進步黨,Y,458,3172,41,3213,4109
2009/2010 縣市長,2009,2009-12-05,縣市長,宜蘭縣,南澳,宜蘭縣,南澳鄉,2,呂國華,,中國國民黨,,2714,3172,41,3213,4109
2009/2010 縣市長,2009,2009-12-05,縣市長,桃園市,復興,桃園縣,復興鄉,1,吳富彤,,客家黨,,80,4456,119,4575,7931
2009/2010 縣市長,2009,2009-12-05,縣市長,桃園市,復興,桃園縣,復興鄉,2,鄭文燦,,民主進步黨,,994,4456,119,4575,7931
2009/2010 縣市長,2009,2009-12-05,縣市長,桃園市,復興,桃園縣,復興鄉,3,吳志揚,,中國國民黨,Y,3382,4456,119,4575,7931
2009/2010 縣市長,2009,2009-12-05,縣市長,新竹縣,尖石,新竹縣,尖石鄉,1,邱鏡淳,,中國國民黨,Y,2281,4302,72,4374,5951
2009/2010 縣市長,2009,2009-12-05,縣市長,新竹縣,尖石,新竹縣,尖石鄉,2,張碧琴,,無黨籍及未經政黨推薦,,1452,4302,72,4374,5951
2009/2010 縣市長,2009,2009-12-05,縣市長,新竹縣,尖石,新竹縣,尖石鄉,3,彭紹瑾,,民主進步黨,,538,4302,72,4374,5951
2009/2010 縣市長,2009,2009-12-05,縣市長,新竹縣,尖石,新竹縣,尖石鄉,4,曾錦祥,,無黨籍及未經政黨推薦,,31,4302,72,4374,5951
2009/2010 縣市長,2009,2009-12-05,縣市長,新竹縣,五峰,新竹縣,五峰鄉,1,邱鏡淳,,中國國民黨,Y,1744,2892,75,2967,3589
2009/2010 縣市長,2009,2009-12-05,縣市長,新竹縣,五峰,新竹縣,五峰鄉,2,張碧琴,,無黨籍及未經政黨推薦,,812,2892,75,2967,3589
2009/2010 縣市長,2009,2009-12-05,縣市長,新竹縣,五峰,新竹縣,五峰鄉,3,彭紹瑾,,民主進步黨,,324,2892,75,2967,3589
2009/2010 縣市長,2009,2009-12-05,縣市長,新竹縣,五峰,新竹縣,五峰鄉,4,曾錦祥,,無黨籍及未經政黨推薦,,12,2892,75,2967,3589
2009/2010 縣市長,2009,2009-12-05,縣市長,苗栗縣,泰安,苗栗縣,泰安鄉,1,楊長鎮,,民主進步黨,,660,3826,93,3919,4491
2009/2010 縣市長,2009,2009-12-05,縣市長,苗栗縣,泰安,苗栗縣,泰安鄉,2,劉政鴻,,中國國民黨,Y,3043,3826,93,3919,4491
2009/2010 縣市長,2009,2009-12-05,縣市長,苗栗縣,泰安,苗栗縣,泰安鄉,3,李佳穆,,無黨籍及未經政黨推薦,,123,3826,93,3919,4491
2009/2010 縣市長,2009,2009-12-05,縣市長,南投縣,信義,南投縣,信義鄉,1,陳振盛,,無黨籍及未經政黨推薦,,541,8770,212,8982,12478
2009/2010 縣市長,2009,2009-12-05,縣市長,南投縣,信義,南投縣,信義鄉,2,李文忠,,民主進步黨,,2506,8770,212,8982,12478
2009/2010 縣市長,2009,2009-12-05,縣市長,南投縣,信義,南投縣,信義鄉,3,李朝卿,,中國國民黨,Y,5663,8770,212,8982,12478
2009/2010 縣市長,2009,2009-12-05,縣市長,南投縣,信義,南投縣,信義鄉,4,張俊宏,,無黨籍及未經政黨推薦,,60,8770,212,8982,12478
2009/2010 縣市長,2009,2009-12-05,縣市長,南投縣,仁愛,南投縣,仁愛鄉,1,陳振盛,,無黨籍及未經政黨推薦,,538,7584,136,7720,11438
2009/2010 縣市長,2009,2009-12-05,縣市長,南投縣,仁愛,南投縣,仁愛鄉,2,李文忠,,民主進步黨,,1326,7584,136,7720,11438
2009/2010 縣市長,2009,2009-12-05,縣市長,南投縣,仁愛,南投縣,仁愛鄉,3,李朝卿,,中國國民黨,Y,5690,7584,136,7720,11438
2009/2010 縣市長,2009,2009-12-05,縣市長,南投縣,仁愛,南投縣,仁愛鄉,4,張俊宏,,無黨籍及未經政黨推薦,,30,7584,136,7720,11438
2009/2010 縣市長,2009,2009-12-05,縣市長,嘉義縣,阿里山,嘉義縣,阿里山鄉,1,翁玉隆,,無黨籍及未經政黨推薦,,36,2981,56,3037,4711
2009/2010 縣市長,2009,2009-12-05,縣市長,嘉義縣,阿里山,嘉義縣,阿里山鄉,2,翁重鈞,,中國國民黨,,1864,2981,56,3037,4711
2009/2010 縣市長,2009,2009-12-05,縣市長,嘉義縣,阿里山,嘉義縣,阿里山鄉,3,蕭登標,,無黨籍及未經政黨推薦,,95,2981,56,3037,4711
2009/2010 縣市長,2009,2009-12-05,縣市長,嘉義縣,阿里山,嘉義縣,阿里山鄉,4,張花冠,,民主進步黨,Y,986,2981,56,3037,4711
2009/2010 縣市長,2009,2009-12-05,縣市長,屏東縣,瑪家,屏東縣,瑪家鄉,1,曹啟鴻,,民主進步黨,Y,1305,4043,46,4089,5102
2009/2010 縣市長,2009,2009-12-05,縣市長,屏東縣,瑪家,屏東縣,瑪家鄉,2,周典論,,中國國民黨,,2738,4043,46,4089,5102
2009/2010 縣市長,2009,2009-12-05,縣市長,屏東縣,泰武,屏東縣,泰武鄉,1,曹啟鴻,,民主進步黨,Y,741,2686,45,2731,3798
2009/2010 縣市長,2009,2009-12-05,縣市長,屏東縣,泰武,屏東縣,泰武鄉,2,周典論,,中國國民黨,,1945,2686,45,2731,3798
2009/2010 縣市長,2009,2009-12-05,縣市長,屏東縣,來義,屏東縣,來義鄉,1,曹啟鴻,,民主進步黨,Y,1051,4332,107,4439,5905
2009/2010 縣市長,2009,2009-12-05,縣市長,屏東縣,來義,屏東縣,來義鄉,2,周典論,,中國國民黨,,3281,4332,107,4439,5905
2009/2010 縣市長,2009,2009-12-05,縣市長,屏東縣,春日,屏東縣,春日鄉,1,曹啟鴻,,民主進步黨,Y,317,2170,49,2219,3641
2009/2010 縣市長,2009,2009-12-05,縣市長,屏東縣,春日,屏東縣,春日鄉,2,周典論,,中國國民黨,,1853,2170,49,2219,3641
2009/2010 縣市長,2009,2009-12-05,縣市長,屏東縣,獅子,屏東縣,獅子鄉,1,曹啟鴻,,民主進步黨,Y,686,2723,49,2772,3764
2009/2010 縣市長,2009,2009-12-05,縣市長,屏東縣,獅子,屏東縣,獅子鄉,2,周典論,,中國國民黨,,2037,2723,49,2772,3764
2009/2010 縣市長,2009,2009-12-05,縣市長,屏東縣,牡丹,屏東縣,牡丹鄉,1,曹啟鴻,,民主進步黨,Y,849,2739,52,2791,3928
2009/2010 縣市長,2009,2009-12-05,縣市長,屏東縣,牡丹,屏東縣,牡丹鄉,2,周典論,,中國國民黨,,1890,2739,52,2791,3928
2009/2010 縣市長,2009,2009-12-05,縣市長,屏東縣,三地門,屏東縣,三地門鄉,1,曹啟鴻,,民主進步黨,Y,1507,4632,96,4728,5796
2009/2010 縣市長,2009,2009-12-05,縣市長,屏東縣,三地門,屏東縣,三地門鄉,2,周典論,,中國國民黨,,3125,4632,96,4728,5796
2009/2010 縣市長,2009,2009-12-05,縣市長,屏東縣,霧臺,屏東縣,霧臺鄉,1,曹啟鴻,,民主進步黨,Y,817,2026,34,2060,2417
2009/2010 縣市長,2009,2009-12-05,縣市長,屏東縣,霧臺,屏東縣,霧臺鄉,2,周典論,,中國國民黨,,1209,2026,34,2060,2417
2009/2010 縣市長,2009,2009-12-05,縣市長,臺東縣,海端,臺東縣,海端鄉,1,劉櫂豪,,民主進步黨,,616,1974,61,2035,3182
2009/2010 縣市長,2009,2009-12-05,縣市長,臺東縣,海端,臺東縣,海端鄉,2,黃健庭,,中國國民黨,Y,1358,1974,61,2035,3182
2009/2010 縣市長,2009,2009-12-05,縣市長,臺東縣,延平,臺東縣,延平鄉,1,劉櫂豪,,民主進步黨,,517,1871,55,1926,2725
2009/2010 縣市長,2009,2009-12-05,縣市長,臺東縣,延平,臺東縣,延平鄉,2,黃健庭,,中國國民黨,Y,1354,1871,55,1926,2725
2009/2010 縣市長,2009,2009-12-05,縣市長,臺東縣,金峰,臺東縣,金峰鄉,1,劉櫂豪,,民主進步黨,,468,1501,12,1513,2540
2009/2010 縣市長,2009,2009-12-05,縣市長,臺東縣,金峰,臺東縣,金峰鄉,2,黃健庭,,中國國民黨,Y,1033,1501,12,1513,2540
2009/2010 縣市長,2009,2009-12-05,縣市長,臺東縣,達仁,臺東縣,達仁鄉,1,劉櫂豪,,民主進步黨,,657,2158,58,2216,3146
2009/2010 縣市長,2009,2009-12-05,縣市長,臺東縣,達仁,臺東縣,達仁鄉,2,黃健庭,,中國國民黨,Y,1501,2158,58,2216,3146
2009/2010 縣市長,2009,2009-12-05,縣市長,臺東縣,蘭嶼,臺東縣,蘭嶼鄉,1,劉櫂豪,,民主進步黨,,605,1479,184,1663,3077
2009/2010 縣市長,2009,2009-12-05,縣市長,臺東縣,蘭嶼,臺東縣,蘭嶼鄉,2,黃健庭,,中國國民黨,Y,874,1479,184,1663,3077
2009/2010 縣市長,2009,2009-12-05,縣市長,花蓮縣,秀林,花蓮縣,秀林鄉,1,傅崐萁,,無黨籍及未經政黨推薦,Y,4592,6439,135,6574,10371
2009/2010 縣市長,2009,2009-12-05,縣市長,花蓮縣,秀林,花蓮縣,秀林鄉,2,張志明,,無黨籍及未經政黨推薦,,674,6439,135,6574,10371
2009/2010 縣市長,2009,2009-12-05,縣市長,花蓮縣,秀林,花蓮縣,秀林鄉,3,杜麗華,,中國國民黨,,1173,6439,135,6574,10371
2009/2010 縣市長,2009,2009-12-05,縣市長,花蓮縣,萬榮,花蓮縣,萬榮鄉,1,傅崐萁,,無黨籍及未經政黨推薦,Y,2023,3080,61,3141,4873
2009/2010 縣市長,2009,2009-12-05,縣市長,花蓮縣,萬榮,花蓮縣,萬榮鄉,2,張志明,,無黨籍及未經政黨推薦,,269,3080,61,3141,4873
2009/2010 縣市長,2009,2009-12-05,縣市長,花蓮縣,萬榮,花蓮縣,萬榮鄉,3,杜麗華,,中國國民黨,,788,3080,61,3141,4873
2009/2010 縣市長,2009,2009-12-05,縣市長,花蓮縣,卓溪,花蓮縣,卓溪鄉,1,傅崐萁,,無黨籍及未經政黨推薦,Y,1600,2856,69,2925,4730
2009/2010 縣市長,2009,2009-12-05,縣市長,花蓮縣,卓溪,花蓮縣,卓溪鄉,2,張志明,,無黨籍及未經政黨推薦,,274,2856,69,2925,4730
2009/2010 縣市長,2009,2009-12-05,縣市長,花蓮縣,卓溪,花蓮縣,卓溪鄉,3,杜麗華,,中國國民黨,,982,2856,69,2925,4730
2009/2010 縣市長,2010,2010-11-27,縣市長,新北市,烏來,新北市,烏來區,1,朱立倫,,中國國民黨,Y,2209,3457,45,3502,4395
2009/2010 縣市長,2010,2010-11-27,縣市長,新北市,烏來,新北市,烏來區,2,蔡英文,,民主進步黨,,1248,3457,45,3502,4395
2009/2010 縣市長,2010,2010-11-27,縣市長,臺中市,和平,臺中市,和平區,1,蘇嘉全,,民主進步黨,,2104,6341,69,6410,8608
2009/2010 縣市長,2010,2010-11-27,縣市長,臺中市,和平,臺中市,和平區,2,胡志強,,中國國民黨,Y,4237,6341,69,6410,8608
2009/2010 縣市長,2010,2010-11-27,縣市長,高雄市,桃源,高雄市,桃源區,1,楊秋興,,無黨籍及未經政黨推薦,,1112,2831,63,2894,3500
2009/2010 縣市長,2010,2010-11-27,縣市長,高雄市,桃源,高雄市,桃源區,2,黃昭順,,中國國民黨,,1184,2831,63,2894,3500
2009/2010 縣市長,2010,2010-11-27,縣市長,高雄市,桃源,高雄市,桃源區,3,陳菊,,民主進步黨,Y,535,2831,63,2894,3500
2009/2010 縣市長,2010,2010-11-27,縣市長,高雄市,那瑪夏,高雄市,那瑪夏區,1,楊秋興,,無黨籍及未經政黨推薦,,507,1847,35,1882,2426
2009/2010 縣市長,2010,2010-11-27,縣市長,高雄市,那瑪夏,高雄市,那瑪夏區,2,黃昭順,,中國國民黨,,873,1847,35,1882,2426
2009/2010 縣市長,2010,2010-11-27,縣市長,高雄市,那瑪夏,高雄市,那瑪夏區,3,陳菊,,民主進步黨,Y,467,1847,35,1882,2426
2009/2010 縣市長,2010,2010-11-27,縣市長,高雄市,茂林,高雄市,茂林區,1,楊秋興,,無黨籍及未經政黨推薦,,520,1188,22,1210,1352
2009/2010 縣市長,2010,2010-11-27,縣市長,高雄市,茂林,高雄市,茂林區,2,黃昭順,,中國國民黨,,425,1188,22,1210,1352
2009/2010 縣市長,2010,2010-11-27,縣市長,高雄市,茂林,高雄市,茂林區,3,陳菊,,民主進步黨,Y,243,1188,22,1210,1352
2012 總統,2012,2012-01-14,總統,新北市,烏來,新北市,烏來區,1,蔡英文,蘇嘉全,民主進步黨,,1108,3201,30,3231,4498
2012 總統,2012,2012-01-14,總統,新北市,烏來,新北市,烏來區,2,馬英九,吳敦義,中國國民黨,Y,1987,3201,30,3231,4498
2012 總統,2012,2012-01-14,總統,新北市,烏來,新北市,烏來區,3,宋楚瑜,林瑞雄,無黨籍及未經政黨推薦,,106,3201,30,3231,4498
2012 總統,2012,2012-01-14,總統,臺中市,和平,臺中市,和平區,1,蔡英文,蘇嘉全,民主進步黨,,1627,5790,30,5820,8641
2012 總統,2012,2012-01-14,總統,臺中市,和平,臺中市,和平區,2,馬英九,吳敦義,中國國民黨,Y,3905,5790,30,5820,8641
2012 總統,2012,2012-01-14,總統,臺中市,和平,臺中市,和平區,3,宋楚瑜,林瑞雄,無黨籍及未經政黨推薦,,258,5790,30,5820,8641
2012 總統,2012,2012-01-14,總統,高雄市,桃源,高雄市,桃源區,1,蔡英文,蘇嘉全,民主進步黨,,341,1960,16,1976,3461
2012 總統,2012,2012-01-14,總統,高雄市,桃源,高雄市,桃源區,2,馬英九,吳敦義,中國國民黨,Y,1552,1960,16,1976,3461
2012 總統,2012,2012-01-14,總統,高雄市,桃源,高雄市,桃源區,3,宋楚瑜,林瑞雄,無黨籍及未經政黨推薦,,67,1960,16,1976,3461
2012 總統,2012,2012-01-14,總統,高雄市,那瑪夏,高雄市,那瑪夏區,1,蔡英文,蘇嘉全,民主進步黨,,311,1400,17,1417,2323
2012 總統,2012,2012-01-14,總統,高雄市,那瑪夏,高雄市,那瑪夏區,2,馬英九,吳敦義,中國國民黨,Y,1073,1400,17,1417,2323
2012 總統,2012,2012-01-14,總統,高雄市,那瑪夏,高雄市,那瑪夏區,3,宋楚瑜,林瑞雄,無黨籍及未經政黨推薦,,16,1400,17,1417,2323
2012 總統,2012,2012-01-14,總統,高雄市,茂林,高雄市,茂林區,1,蔡英文,蘇嘉全,民主進步黨,,134,925,12,937,1352
2012 總統,2012,2012-01-14,總統,高雄市,茂林,高雄市,茂林區,2,馬英九,吳敦義,中國國民黨,Y,776,925,12,937,1352
2012 總統,2012,2012-01-14,總統,高雄市,茂林,高雄市,茂林區,3,宋楚瑜,林瑞雄,無黨籍及未經政黨推薦,,15,925,12,937,1352
2012 總統,2012,2012-01-14,總統,宜蘭縣,大同,宜蘭縣,大同鄉,1,蔡英文,蘇嘉全,民主進步黨,,514,3086,33,3119,4400
2012 總統,2012,2012-01-14,總統,宜蘭縣,大同,宜蘭縣,大同鄉,2,馬英九,吳敦義,中國國民黨,Y,2443,3086,33,3119,4400
2012 總統,2012,2012-01-14,總統,宜蘭縣,大同,宜蘭縣,大同鄉,3,宋楚瑜,林瑞雄,無黨籍及未經政黨推薦,,129,3086,33,3119,4400
2012 總統,2012,2012-01-14,總統,宜蘭縣,南澳,宜蘭縣,南澳鄉,1,蔡英文,蘇嘉全,民主進步黨,,269,2839,19,2858,4162
2012 總統,2012,2012-01-14,總統,宜蘭縣,南澳,宜蘭縣,南澳鄉,2,馬英九,吳敦義,中國國民黨,Y,2449,2839,19,2858,4162
2012 總統,2012,2012-01-14,總統,宜蘭縣,南澳,宜蘭縣,南澳鄉,3,宋楚瑜,林瑞雄,無黨籍及未經政黨推薦,,121,2839,19,2858,4162
2012 總統,2012,2012-01-14,總統,桃園市,復興,桃園縣,復興鄉,1,蔡英文,蘇嘉全,民主進步黨,,1190,5132,47,5179,8172
2012 總統,2012,2012-01-14,總統,桃園市,復興,桃園縣,復興鄉,2,馬英九,吳敦義,中國國民黨,Y,3739,5132,47,5179,8172
2012 總統,2012,2012-01-14,總統,桃園市,復興,桃園縣,復興鄉,3,宋楚瑜,林瑞雄,無黨籍及未經政黨推薦,,203,5132,47,5179,8172
2012 總統,2012,2012-01-14,總統,新竹縣,尖石,新竹縣,尖石鄉,1,蔡英文,蘇嘉全,民主進步黨,,703,4094,49,4143,6171
2012 總統,2012,2012-01-14,總統,新竹縣,尖石,新竹縣,尖石鄉,2,馬英九,吳敦義,中國國民黨,Y,3190,4094,49,4143,6171
2012 總統,2012,2012-01-14,總統,新竹縣,尖石,新竹縣,尖石鄉,3,宋楚瑜,林瑞雄,無黨籍及未經政黨推薦,,201,4094,49,4143,6171
2012 總統,2012,2012-01-14,總統,新竹縣,五峰,新竹縣,五峰鄉,1,蔡英文,蘇嘉全,民主進步黨,,417,2369,21,2390,3624
2012 總統,2012,2012-01-14,總統,新竹縣,五峰,新竹縣,五峰鄉,2,馬英九,吳敦義,中國國民黨,Y,1825,2369,21,2390,3624
2012 總統,2012,2012-01-14,總統,新竹縣,五峰,新竹縣,五峰鄉,3,宋楚瑜,林瑞雄,無黨籍及未經政黨推薦,,127,2369,21,2390,3624
2012 總統,2012,2012-01-14,總統,苗栗縣,泰安,苗栗縣,泰安鄉,1,蔡英文,蘇嘉全,民主進步黨,,504,3289,25,3314,4645
2012 總統,2012,2012-01-14,總統,苗栗縣,泰安,苗栗縣,泰安鄉,2,馬英九,吳敦義,中國國民黨,Y,2664,3289,25,3314,4645
2012 總統,2012,2012-01-14,總統,苗栗縣,泰安,苗栗縣,泰安鄉,3,宋楚瑜,林瑞雄,無黨籍及未經政黨推薦,,121,3289,25,3314,4645
2012 總統,2012,2012-01-14,總統,南投縣,仁愛,南投縣,仁愛鄉,1,蔡英文,蘇嘉全,民主進步黨,,1005,7505,53,7558,11625
2012 總統,2012,2012-01-14,總統,南投縣,仁愛,南投縣,仁愛鄉,2,馬英九,吳敦義,中國國民黨,Y,6198,7505,53,7558,11625
2012 總統,2012,2012-01-14,總統,南投縣,仁愛,南投縣,仁愛鄉,3,宋楚瑜,林瑞雄,無黨籍及未經政黨推薦,,302,7505,53,7558,11625
2012 總統,2012,2012-01-14,總統,南投縣,信義,南投縣,信義鄉,1,蔡英文,蘇嘉全,民主進步黨,,2478,8289,72,8361,12664
2012 總統,2012,2012-01-14,總統,南投縣,信義,南投縣,信義鄉,2,馬英九,吳敦義,中國國民黨,Y,5589,8289,72,8361,12664
2012 總統,2012,2012-01-14,總統,南投縣,信義,南投縣,信義鄉,3,宋楚瑜,林瑞雄,無黨籍及未經政黨推薦,,222,8289,72,8361,12664
2012 總統,2012,2012-01-14,總統,嘉義縣,阿里山,嘉義縣,阿里山鄉,1,蔡英文,蘇嘉全,民主進步黨,,747,3058,21,3079,4765
2012 總統,2012,2012-01-14,總統,嘉義縣,阿里山,嘉義縣,阿里山鄉,2,馬英九,吳敦義,中國國民黨,Y,2231,3058,21,3079,4765
2012 總統,2012,2012-01-14,總統,嘉義縣,阿里山,嘉義縣,阿里山鄉,3,宋楚瑜,林瑞雄,無黨籍及未經政黨推薦,,80,3058,21,3079,4765
2012 總統,2012,2012-01-14,總統,屏東縣,三地門,屏東縣,三地門鄉,1,蔡英文,蘇嘉全,民主進步黨,,547,4112,38,4150,5862
2012 總統,2012,2012-01-14,總統,屏東縣,三地門,屏東縣,三地門鄉,2,馬英九,吳敦義,中國國民黨,Y,3477,4112,38,4150,5862
2012 總統,2012,2012-01-14,總統,屏東縣,三地門,屏東縣,三地門鄉,3,宋楚瑜,林瑞雄,無黨籍及未經政黨推薦,,88,4112,38,4150,5862
2012 總統,2012,2012-01-14,總統,屏東縣,霧臺,屏東縣,霧臺鄉,1,蔡英文,蘇嘉全,民主進步黨,,286,1779,10,1789,2496
2012 總統,2012,2012-01-14,總統,屏東縣,霧臺,屏東縣,霧臺鄉,2,馬英九,吳敦義,中國國民黨,Y,1457,1779,10,1789,2496
2012 總統,2012,2012-01-14,總統,屏東縣,霧臺,屏東縣,霧臺鄉,3,宋楚瑜,林瑞雄,無黨籍及未經政黨推薦,,36,1779,10,1789,2496
2012 總統,2012,2012-01-14,總統,屏東縣,瑪家,屏東縣,瑪家鄉,1,蔡英文,蘇嘉全,民主進步黨,,506,3772,26,3798,5207
2012 總統,2012,2012-01-14,總統,屏東縣,瑪家,屏東縣,瑪家鄉,2,馬英九,吳敦義,中國國民黨,Y,3155,3772,26,3798,5207
2012 總統,2012,2012-01-14,總統,屏東縣,瑪家,屏東縣,瑪家鄉,3,宋楚瑜,林瑞雄,無黨籍及未經政黨推薦,,111,3772,26,3798,5207
2012 總統,2012,2012-01-14,總統,屏東縣,泰武,屏東縣,泰武鄉,1,蔡英文,蘇嘉全,民主進步黨,,310,2816,14,2830,3889
2012 總統,2012,2012-01-14,總統,屏東縣,泰武,屏東縣,泰武鄉,2,馬英九,吳敦義,中國國民黨,Y,2442,2816,14,2830,3889
2012 總統,2012,2012-01-14,總統,屏東縣,泰武,屏東縣,泰武鄉,3,宋楚瑜,林瑞雄,無黨籍及未經政黨推薦,,64,2816,14,2830,3889
2012 總統,2012,2012-01-14,總統,屏東縣,來義,屏東縣,來義鄉,1,蔡英文,蘇嘉全,民主進步黨,,298,4029,30,4059,5959
2012 總統,2012,2012-01-14,總統,屏東縣,來義,屏東縣,來義鄉,2,馬英九,吳敦義,中國國民黨,Y,3644,4029,30,4059,5959
2012 總統,2012,2012-01-14,總統,屏東縣,來義,屏東縣,來義鄉,3,宋楚瑜,林瑞雄,無黨籍及未經政黨推薦,,87,4029,30,4059,5959
2012 總統,2012,2012-01-14,總統,屏東縣,春日,屏東縣,春日鄉,1,蔡英文,蘇嘉全,民主進步黨,,208,2448,30,2478,3683
2012 總統,2012,2012-01-14,總統,屏東縣,春日,屏東縣,春日鄉,2,馬英九,吳敦義,中國國民黨,Y,2188,2448,30,2478,3683
2012 總統,2012,2012-01-14,總統,屏東縣,春日,屏東縣,春日鄉,3,宋楚瑜,林瑞雄,無黨籍及未經政黨推薦,,52,2448,30,2478,3683
2012 總統,2012,2012-01-14,總統,屏東縣,獅子,屏東縣,獅子鄉,1,蔡英文,蘇嘉全,民主進步黨,,296,2473,20,2493,3757
2012 總統,2012,2012-01-14,總統,屏東縣,獅子,屏東縣,獅子鄉,2,馬英九,吳敦義,中國國民黨,Y,2106,2473,20,2493,3757
2012 總統,2012,2012-01-14,總統,屏東縣,獅子,屏東縣,獅子鄉,3,宋楚瑜,林瑞雄,無黨籍及未經政黨推薦,,71,2473,20,2493,3757
2012 總統,2012,2012-01-14,總統,屏東縣,牡丹,屏東縣,牡丹鄉,1,蔡英文,蘇嘉全,民主進步黨,,329,2347,23,2370,3958
2012 總統,2012,2012-01-14,總統,屏東縣,牡丹,屏東縣,牡丹鄉,2,馬英九,吳敦義,中國國民黨,Y,1934,2347,23,2370,3958
2012 總統,2012,2012-01-14,總統,屏東縣,牡丹,屏東縣,牡丹鄉,3,宋楚瑜,林瑞雄,無黨籍及未經政黨推薦,,84,2347,23,2370,3958
2012 總統,2012,2012-01-14,總統,臺東縣,海端,臺東縣,海端鄉,1,蔡英文,蘇嘉全,民主進步黨,,155,1726,24,1750,3189
2012 總統,2012,2012-01-14,總統,臺東縣,海端,臺東縣,海端鄉,2,馬英九,吳敦義,中國國民黨,Y,1527,1726,24,1750,3189
2012 總統,2012,2012-01-14,總統,臺東縣,海端,臺東縣,海端鄉,3,宋楚瑜,林瑞雄,無黨籍及未經政黨推薦,,44,1726,24,1750,3189
2012 總統,2012,2012-01-14,總統,臺東縣,延平,臺東縣,延平鄉,1,蔡英文,蘇嘉全,民主進步黨,,209,1544,19,1563,2705
2012 總統,2012,2012-01-14,總統,臺東縣,延平,臺東縣,延平鄉,2,馬英九,吳敦義,中國國民黨,Y,1303,1544,19,1563,2705
2012 總統,2012,2012-01-14,總統,臺東縣,延平,臺東縣,延平鄉,3,宋楚瑜,林瑞雄,無黨籍及未經政黨推薦,,32,1544,19,1563,2705
2012 總統,2012,2012-01-14,總統,臺東縣,金峰,臺東縣,金峰鄉,1,蔡英文,蘇嘉全,民主進步黨,,108,1781,13,1794,2659
2012 總統,2012,2012-01-14,總統,臺東縣,金峰,臺東縣,金峰鄉,2,馬英九,吳敦義,中國國民黨,Y,1625,1781,13,1794,2659
2012 總統,2012,2012-01-14,總統,臺東縣,金峰,臺東縣,金峰鄉,3,宋楚瑜,林瑞雄,無黨籍及未經政黨推薦,,48,1781,13,1794,2659
2012 總統,2012,2012-01-14,總統,臺東縣,達仁,臺東縣,達仁鄉,1,蔡英文,蘇嘉全,民主進步黨,,209,1774,14,1788,3212
2012 總統,2012,2012-01-14,總統,臺東縣,達仁,臺東縣,達仁鄉,2,馬英九,吳敦義,中國國民黨,Y,1524,1774,14,1788,3212
2012 總統,2012,2012-01-14,總統,臺東縣,達仁,臺東縣,達仁鄉,3,宋楚瑜,林瑞雄,無黨籍及未經政黨推薦,,41,1774,14,1788,3212
2012 總統,2012,2012-01-14,總統,臺東縣,蘭嶼,臺東縣,蘭嶼鄉,1,蔡英文,蘇嘉全,民主進步黨,,293,1383,66,1449,3438
2012 總統,2012,2012-01-14,總統,臺東縣,蘭嶼,臺東縣,蘭嶼鄉,2,馬英九,吳敦義,中國國民黨,Y,911,1383,66,1449,3438
2012 總統,2012,2012-01-14,總統,臺東縣,蘭嶼,臺東縣,蘭嶼鄉,3,宋楚瑜,林瑞雄,無黨籍及未經政黨推薦,,179,1383,66,1449,3438
2012 總統,2012,2012-01-14,總統,花蓮縣,秀林,花蓮縣,秀林鄉,1,蔡英文,蘇嘉全,民主進步黨,,963,6793,92,6885,10664
2012 總統,2012,2012-01-14,總統,花蓮縣,秀林,花蓮縣,秀林鄉,2,馬英九,吳敦義,中國國民黨,Y,5484,6793,92,6885,10664
2012 總統,2012,2012-01-14,總統,花蓮縣,秀林,花蓮縣,秀林鄉,3,宋楚瑜,林瑞雄,無黨籍及未經政黨推薦,,346,6793,92,6885,10664
2012 總統,2012,2012-01-14,總統,花蓮縣,萬榮,花蓮縣,萬榮鄉,1,蔡英文,蘇嘉全,民主進步黨,,317,2715,33,2748,4903
2012 總統,2012,2012-01-14,總統,花蓮縣,萬榮,花蓮縣,萬榮鄉,2,馬英九,吳敦義,中國國民黨,Y,2297,2715,33,2748,4903
2012 總統,2012,2012-01-14,總統,花蓮縣,萬榮,花蓮縣,萬榮鄉,3,宋楚瑜,林瑞雄,無黨籍及未經政黨推薦,,101,2715,33,2748,4903
2012 總統,2012,2012-01-14,總統,花蓮縣,卓溪,花蓮縣,卓溪鄉,1,蔡英文,蘇嘉全,民主進步黨,,219,2514,27,2541,4744
2012 總統,2012,2012-01-14,總統,花蓮縣,卓溪,花蓮縣,卓溪鄉,2,馬英九,吳敦義,中國國民黨,Y,2221,2514,27,2541,4744
2012 總統,2012,2012-01-14,總統,花蓮縣,卓溪,花蓮縣,卓溪鄉,3,宋楚瑜,林瑞雄,無黨籍及未經政黨推薦,,74,2514,27,2541,4744
2014 縣市長,2014,2014-11-29,縣市長,新竹縣,尖石,新竹縣,尖石鄉,1,葉芳棟,,無黨籍及未經政黨推薦,,104,5300,116,5416,6714
2014 縣市長,2014,2014-11-29,縣市長,新竹縣,尖石,新竹縣,尖石鄉,2,邱鏡淳,,中國國民黨,Y,2335,5300,116,5416,6714
2014 縣市長,2014,2014-11-29,縣市長,新竹縣,尖石,新竹縣,尖石鄉,3,鄭永金,,無黨籍及未經政黨推薦,,2815,5300,116,5416,6714
2014 縣市長,2014,2014-11-29,縣市長,新竹縣,尖石,新竹縣,尖石鄉,4,莊作兵,,無黨籍及未經政黨推薦,,46,5300,116,5416,6714
2014 縣市長,2014,2014-11-29,縣市長,新竹縣,五峰,新竹縣,五峰鄉,1,葉芳棟,,無黨籍及未經政黨推薦,,35,3105,123,3228,3784
2014 縣市長,2014,2014-11-29,縣市長,新竹縣,五峰,新竹縣,五峰鄉,2,邱鏡淳,,中國國民黨,Y,1141,3105,123,3228,3784
2014 縣市長,2014,2014-11-29,縣市長,新竹縣,五峰,新竹縣,五峰鄉,3,鄭永金,,無黨籍及未經政黨推薦,,1911,3105,123,3228,3784
2014 縣市長,2014,2014-11-29,縣市長,新竹縣,五峰,新竹縣,五峰鄉,4,莊作兵,,無黨籍及未經政黨推薦,,18,3105,123,3228,3784
2014 縣市長,2014,2014-11-29,縣市長,苗栗縣,泰安,苗栗縣,泰安鄉,1,徐耀昌,,中國國民黨,Y,2259,4236,123,4359,4945
2014 縣市長,2014,2014-11-29,縣市長,苗栗縣,泰安,苗栗縣,泰安鄉,2,康世儒,,無黨籍及未經政黨推薦,,978,4236,123,4359,4945
2014 縣市長,2014,2014-11-29,縣市長,苗栗縣,泰安,苗栗縣,泰安鄉,3,江明修,,無黨籍及未經政黨推薦,,118,4236,123,4359,4945
2014 縣市長,2014,2014-11-29,縣市長,苗栗縣,泰安,苗栗縣,泰安鄉,4,陳淑芬,,無黨籍及未經政黨推薦,,38,4236,123,4359,4945
2014 縣市長,2014,2014-11-29,縣市長,苗栗縣,泰安,苗栗縣,泰安鄉,5,曾國良,,無黨籍及未經政黨推薦,,19,4236,123,4359,4945
2014 縣市長,2014,2014-11-29,縣市長,苗栗縣,泰安,苗栗縣,泰安鄉,6,吳宜臻,,民主進步黨,,824,4236,123,4359,4945
2014 縣市長,2014,2014-11-29,縣市長,南投縣,信義,南投縣,信義鄉,1,李文忠,,民主進步黨,,4115,9468,354,9822,12821
2014 縣市長,2014,2014-11-29,縣市長,南投縣,信義,南投縣,信義鄉,2,林明溱,,中國國民黨,Y,5353,9468,354,9822,12821
2014 縣市長,2014,2014-11-29,縣市長,南投縣,仁愛,南投縣,仁愛鄉,1,李文忠,,民主進步黨,,4077,9263,268,9531,11913
2014 縣市長,2014,2014-11-29,縣市長,南投縣,仁愛,南投縣,仁愛鄉,2,林明溱,,中國國民黨,Y,5186,9263,268,9531,11913
2014 縣市長,2014,2014-11-29,縣市長,嘉義縣,阿里山,嘉義縣,阿里山鄉,1,黃宏成台灣阿成世界偉人,,無黨籍及未經政黨推薦,,114,3323,90,3413,4511
2014 縣市長,2014,2014-11-29,縣市長,嘉義縣,阿里山,嘉義縣,阿里山鄉,2,張花冠,,民主進步黨,Y,1430,3323,90,3413,4511
2014 縣市長,2014,2014-11-29,縣市長,嘉義縣,阿里山,嘉義縣,阿里山鄉,3,翁重鈞,,中國國民黨,,1779,3323,90,3413,4511
2014 縣市長,2014,2014-11-29,縣市長,屏東縣,三地門,屏東縣,三地門鄉,1,簡太郎,,中國國民黨,,3574,5187,152,5339,6131
2014 縣市長,2014,2014-11-29,縣市長,屏東縣,三地門,屏東縣,三地門鄉,2,潘孟安,,民主進步黨,Y,1613,5187,152,5339,6131
2014 縣市長,2014,2014-11-29,縣市長,屏東縣,霧臺,屏東縣,霧臺鄉,1,簡太郎,,中國國民黨,,1657,2620,51,2671,2900
2014 縣市長,2014,2014-11-29,縣市長,屏東縣,霧臺,屏東縣,霧臺鄉,2,潘孟安,,民主進步黨,Y,963,2620,51,2671,2900
2014 縣市長,2014,2014-11-29,縣市長,屏東縣,瑪家,屏東縣,瑪家鄉,1,簡太郎,,中國國民黨,,3030,4516,97,4613,5371
2014 縣市長,2014,2014-11-29,縣市長,屏東縣,瑪家,屏東縣,瑪家鄉,2,潘孟安,,民主進步黨,Y,1486,4516,97,4613,5371
2014 縣市長,2014,2014-11-29,縣市長,屏東縣,泰武,屏東縣,泰武鄉,1,簡太郎,,中國國民黨,,2273,3548,61,3609,4085
2014 縣市長,2014,2014-11-29,縣市長,屏東縣,泰武,屏東縣,泰武鄉,2,潘孟安,,民主進步黨,Y,1275,3548,61,3609,4085
2014 縣市長,2014,2014-11-29,縣市長,屏東縣,來義,屏東縣,來義鄉,1,簡太郎,,中國國民黨,,3470,4817,128,4945,6050
2014 縣市長,2014,2014-11-29,縣市長,屏東縣,來義,屏東縣,來義鄉,2,潘孟安,,民主進步黨,Y,1347,4817,128,4945,6050
2014 縣市長,2014,2014-11-29,縣市長,屏東縣,春日,屏東縣,春日鄉,1,簡太郎,,中國國民黨,,2210,3047,155,3202,3715
2014 縣市長,2014,2014-11-29,縣市長,屏東縣,春日,屏東縣,春日鄉,2,潘孟安,,民主進步黨,Y,837,3047,155,3202,3715
2014 縣市長,2014,2014-11-29,縣市長,屏東縣,獅子,屏東縣,獅子鄉,1,簡太郎,,中國國民黨,,2302,3241,89,3330,3931
2014 縣市長,2014,2014-11-29,縣市長,屏東縣,獅子,屏東縣,獅子鄉,2,潘孟安,,民主進步黨,Y,939,3241,89,3330,3931
2014 縣市長,2014,2014-11-29,縣市長,屏東縣,牡丹,屏東縣,牡丹鄉,1,簡太郎,,中國國民黨,,1886,3009,103,3112,3999
2014 縣市長,2014,2014-11-29,縣市長,屏東縣,牡丹,屏東縣,牡丹鄉,2,潘孟安,,民主進步黨,Y,1123,3009,103,3112,3999
2014 縣市長,2014,2014-11-29,縣市長,宜蘭縣,大同,宜蘭縣,大同鄉,1,林聰賢,,民主進步黨,Y,1659,3791,101,3892,4528
2014 縣市長,2014,2014-11-29,縣市長,宜蘭縣,大同,宜蘭縣,大同鄉,2,邱淑媞,,中國國民黨,,2132,3791,101,3892,4528
2014 縣市長,2014,2014-11-29,縣市長,宜蘭縣,南澳,宜蘭縣,南澳鄉,1,林聰賢,,民主進步黨,Y,1831,3714,94,3808,4386
2014 縣市長,2014,2014-11-29,縣市長,宜蘭縣,南澳,宜蘭縣,南澳鄉,2,邱淑媞,,中國國民黨,,1883,3714,94,3808,4386
2014 縣市長,2014,2014-11-29,縣市長,花蓮縣,秀林,花蓮縣,秀林鄉,1,傅崐萁,,無黨籍及未經政黨推薦,Y,4682,8301,260,8561,11169
2014 縣市長,2014,2014-11-29,縣市長,花蓮縣,秀林,花蓮縣,秀林鄉,2,徐榛蔚,,無黨籍及未經政黨推薦,,258,8301,260,8561,11169
2014 縣市長,2014,2014-11-29,縣市長,花蓮縣,秀林,花蓮縣,秀林鄉,3,黄師鵬,,無黨籍及未經政黨推薦,,46,8301,260,8561,11169
2014 縣市長,2014,2014-11-29,縣市長,花蓮縣,秀林,花蓮縣,秀林鄉,4,柯賜海,,無黨籍及未經政黨推薦,,933,8301,260,8561,11169
2014 縣市長,2014,2014-11-29,縣市長,花蓮縣,秀林,花蓮縣,秀林鄉,5,朱國華,,無黨籍及未經政黨推薦,,67,8301,260,8561,11169
2014 縣市長,2014,2014-11-29,縣市長,花蓮縣,秀林,花蓮縣,秀林鄉,6,蔡啟塔,,中國國民黨,,2315,8301,260,8561,11169
2014 縣市長,2014,2014-11-29,縣市長,花蓮縣,萬榮,花蓮縣,萬榮鄉,1,傅崐萁,,無黨籍及未經政黨推薦,Y,2399,3585,118,3703,4902
2014 縣市長,2014,2014-11-29,縣市長,花蓮縣,萬榮,花蓮縣,萬榮鄉,2,徐榛蔚,,無黨籍及未經政黨推薦,,80,3585,118,3703,4902
2014 縣市長,2014,2014-11-29,縣市長,花蓮縣,萬榮,花蓮縣,萬榮鄉,3,黄師鵬,,無黨籍及未經政黨推薦,,15,3585,118,3703,4902
2014 縣市長,2014,2014-11-29,縣市長,花蓮縣,萬榮,花蓮縣,萬榮鄉,4,柯賜海,,無黨籍及未經政黨推薦,,241,3585,118,3703,4902
2014 縣市長,2014,2014-11-29,縣市長,花蓮縣,萬榮,花蓮縣,萬榮鄉,5,朱國華,,無黨籍及未經政黨推薦,,16,3585,118,3703,4902
2014 縣市長,2014,2014-11-29,縣市長,花蓮縣,萬榮,花蓮縣,萬榮鄉,6,蔡啟塔,,中國國民黨,,834,3585,118,3703,4902
2014 縣市長,2014,2014-11-29,縣市長,花蓮縣,卓溪,花蓮縣,卓溪鄉,1,傅崐萁,,無黨籍及未經政黨推薦,Y,2390,3476,86,3562,4824
2014 縣市長,2014,2014-11-29,縣市長,花蓮縣,卓溪,花蓮縣,卓溪鄉,2,徐榛蔚,,無黨籍及未經政黨推薦,,64,3476,86,3562,4824
2014 縣市長,2014,2014-11-29,縣市長,花蓮縣,卓溪,花蓮縣,卓溪鄉,3,黄師鵬,,無黨籍及未經政黨推薦,,17,3476,86,3562,4824
2014 縣市長,2014,2014-11-29,縣市長,花蓮縣,卓溪,花蓮縣,卓溪鄉,4,柯賜海,,無黨籍及未經政黨推薦,,167,3476,86,3562,4824
2014 縣市長,2014,2014-11-29,縣市長,花蓮縣,卓溪,花蓮縣,卓溪鄉,5,朱國華,,無黨籍及未經政黨推薦,,23,3476,86,3562,4824
2014 縣市長,2014,2014-11-29,縣市長,花蓮縣,卓溪,花蓮縣,卓溪鄉,6,蔡啟塔,,中國國民黨,,815,3476,86,3562,4824
2014 縣市長,2014,2014-11-29,縣市長,臺東縣,海端,臺東縣,海端鄉,1,劉櫂豪,,民主進步黨,,760,2230,66,2296,3195
2014 縣市長,2014,2014-11-29,縣市長,臺東縣,海端,臺東縣,海端鄉,2,黃健庭,,中國國民黨,Y,1470,2230,66,2296,3195
2014 縣市長,2014,2014-11-29,縣市長,臺東縣,延平,臺東縣,延平鄉,1,劉櫂豪,,民主進步黨,,653,2149,90,2239,2734
2014 縣市長,2014,2014-11-29,縣市長,臺東縣,延平,臺東縣,延平鄉,2,黃健庭,,中國國民黨,Y,1496,2149,90,2239,2734
2014 縣市長,2014,2014-11-29,縣市長,臺東縣,金峰,臺東縣,金峰鄉,1,劉櫂豪,,民主進步黨,,697,2336,53,2389,2775
2014 縣市長,2014,2014-11-29,縣市長,臺東縣,金峰,臺東縣,金峰鄉,2,黃健庭,,中國國民黨,Y,1639,2336,53,2389,2775
2014 縣市長,2014,2014-11-29,縣市長,臺東縣,達仁,臺東縣,達仁鄉,1,劉櫂豪,,民主進步黨,,598,2484,38,2522,3106
2014 縣市長,2014,2014-11-29,縣市長,臺東縣,達仁,臺東縣,達仁鄉,2,黃健庭,,中國國民黨,Y,1886,2484,38,2522,3106
2014 縣市長,2014,2014-11-29,縣市長,臺東縣,蘭嶼,臺東縣,蘭嶼鄉,1,劉櫂豪,,民主進步黨,,1021,2100,277,2377,3727
2014 縣市長,2014,2014-11-29,縣市長,臺東縣,蘭嶼,臺東縣,蘭嶼鄉,2,黃健庭,,中國國民黨,Y,1079,2100,277,2377,3727
2014 縣市長,2014,2014-11-29,縣市長,新北市,烏來,新北市,烏來區,1,游錫堃,,民主進步黨,,1504,3795,122,3917,4772
2014 縣市長,2014,2014-11-29,縣市長,新北市,烏來,新北市,烏來區,2,李進順,,無黨籍及未經政黨推薦,,43,3795,122,3917,4772
2014 縣市長,2014,2014-11-29,縣市長,新北市,烏來,新北市,烏來區,3,朱立倫,,中國國民黨,Y,2248,3795,122,3917,4772
2014 縣市長,2014,2014-11-29,縣市長,桃園市,復興,桃園市,復興區,1,鄭文燦,,民主進步黨,Y,1702,6255,180,6435,8401
2014 縣市長,2014,2014-11-29,縣市長,桃園市,復興,桃園市,復興區,2,吳志揚,,中國國民黨,,4485,6255,180,6435,8401
2014 縣市長,2014,2014-11-29,縣市長,桃園市,復興,桃園市,復興區,3,許睿智,,無黨籍及未經政黨推薦,,68,6255,180,6435,8401
2014 縣市長,2014,2014-11-29,縣市長,臺中市,和平,臺中市,和平區,1,胡志強,,中國國民黨,,4173,6955,116,7071,8822
2014 縣市長,2014,2014-11-29,縣市長,臺中市,和平,臺中市,和平區,2,林佳龍,,民主進步黨,Y,2782,6955,116,7071,8822
2014 縣市長,2014,2014-11-29,縣市長,高雄市,桃源,高雄市,桃源區,1,周可盛,,無黨籍及未經政黨推薦,,41,2605,60,2665,3224
2014 縣市長,2014,2014-11-29,縣市長,高雄市,桃源,高雄市,桃源區,2,陳菊,,民主進步黨,Y,1024,2605,60,2665,3224
2014 縣市長,2014,2014-11-29,縣市長,高雄市,桃源,高雄市,桃源區,3,楊秋興,,中國國民黨,,1540,2605,60,2665,3224
2014 縣市長,2014,2014-11-29,縣市長,高雄市,那瑪夏,高雄市,那瑪夏區,1,周可盛,,無黨籍及未經政黨推薦,,19,1976,39,2015,2312
2014 縣市長,2014,2014-11-29,縣市長,高雄市,那瑪夏,高雄市,那瑪夏區,2,陳菊,,民主進步黨,Y,837,1976,39,2015,2312
2014 縣市長,2014,2014-11-29,縣市長,高雄市,那瑪夏,高雄市,那瑪夏區,3,楊秋興,,中國國民黨,,1120,1976,39,2015,2312
2014 縣市長,2014,2014-11-29,縣市長,高雄市,茂林,高雄市,茂林區,1,周可盛,,無黨籍及未經政黨推薦,,9,1295,30,1325,1451
2014 縣市長,2014,2014-11-29,縣市長,高雄市,茂林,高雄市,茂林區,2,陳菊,,民主進步黨,Y,546,1295,30,1325,1451
2014 縣市長,2014,2014-11-29,縣市長,高雄市,茂林,高雄市,茂林區,3,楊秋興,,中國國民黨,,740,1295,30,1325,1451
2016 總統,2016,2016-01-16,總統,新北市,烏來,新北市,烏來區,1,朱立倫,王如玄,中國國民黨,,1156,3037,45,3082,4861
2016 總統,2016,2016-01-16,總統,新北市,烏來,新北市,烏來區,2,蔡英文,陳建仁,民主進步黨,Y,1295,3037,45,3082,4861
2016 總統,2016,2016-01-16,總統,新北市,烏來,新北市,烏來區,3,宋楚瑜,徐欣瑩,親民黨,,586,3037,45,3082,4861
2016 總統,2016,2016-01-16,總統,桃園市,復興,桃園市,復興區,1,朱立倫,王如玄,中國國民黨,,2328,4741,52,4793,8454
2016 總統,2016,2016-01-16,總統,桃園市,復興,桃園市,復興區,2,蔡英文,陳建仁,民主進步黨,Y,1557,4741,52,4793,8454
2016 總統,2016,2016-01-16,總統,桃園市,復興,桃園市,復興區,3,宋楚瑜,徐欣瑩,親民黨,,856,4741,52,4793,8454
2016 總統,2016,2016-01-16,總統,臺中市,和平,臺中市,和平區,1,朱立倫,王如玄,中國國民黨,,2087,5323,50,5373,8860
2016 總統,2016,2016-01-16,總統,臺中市,和平,臺中市,和平區,2,蔡英文,陳建仁,民主進步黨,Y,1878,5323,50,5373,8860
2016 總統,2016,2016-01-16,總統,臺中市,和平,臺中市,和平區,3,宋楚瑜,徐欣瑩,親民黨,,1358,5323,50,5373,8860
2016 總統,2016,2016-01-16,總統,高雄市,桃源,高雄市,桃源區,1,朱立倫,王如玄,中國國民黨,,862,1667,19,1686,3261
2016 總統,2016,2016-01-16,總統,高雄市,桃源,高雄市,桃源區,2,蔡英文,陳建仁,民主進步黨,Y,464,1667,19,1686,3261
2016 總統,2016,2016-01-16,總統,高雄市,桃源,高雄市,桃源區,3,宋楚瑜,徐欣瑩,親民黨,,341,1667,19,1686,3261
2016 總統,2016,2016-01-16,總統,高雄市,那瑪夏,高雄市,那瑪夏區,1,朱立倫,王如玄,中國國民黨,,681,1217,11,1228,2300
2016 總統,2016,2016-01-16,總統,高雄市,那瑪夏,高雄市,那瑪夏區,2,蔡英文,陳建仁,民主進步黨,Y,373,1217,11,1228,2300
2016 總統,2016,2016-01-16,總統,高雄市,那瑪夏,高雄市,那瑪夏區,3,宋楚瑜,徐欣瑩,親民黨,,163,1217,11,1228,2300
2016 總統,2016,2016-01-16,總統,高雄市,茂林,高雄市,茂林區,1,朱立倫,王如玄,中國國民黨,,577,895,8,903,1447
2016 總統,2016,2016-01-16,總統,高雄市,茂林,高雄市,茂林區,2,蔡英文,陳建仁,民主進步黨,Y,166,895,8,903,1447
2016 總統,2016,2016-01-16,總統,高雄市,茂林,高雄市,茂林區,3,宋楚瑜,徐欣瑩,親民黨,,152,895,8,903,1447
2016 總統,2016,2016-01-16,總統,新竹縣,尖石,新竹縣,尖石鄉,1,朱立倫,王如玄,中國國民黨,,1586,3931,50,3981,6722
2016 總統,2016,2016-01-16,總統,新竹縣,尖石,新竹縣,尖石鄉,2,蔡英文,陳建仁,民主進步黨,Y,972,3931,50,3981,6722
2016 總統,2016,2016-01-16,總統,新竹縣,尖石,新竹縣,尖石鄉,3,宋楚瑜,徐欣瑩,親民黨,,1373,3931,50,3981,6722
2016 總統,2016,2016-01-16,總統,新竹縣,五峰,新竹縣,五峰鄉,1,朱立倫,王如玄,中國國民黨,,787,2175,25,2200,3674
2016 總統,2016,2016-01-16,總統,新竹縣,五峰,新竹縣,五峰鄉,2,蔡英文,陳建仁,民主進步黨,Y,516,2175,25,2200,3674
2016 總統,2016,2016-01-16,總統,新竹縣,五峰,新竹縣,五峰鄉,3,宋楚瑜,徐欣瑩,親民黨,,872,2175,25,2200,3674
2016 總統,2016,2016-01-16,總統,苗栗縣,泰安,苗栗縣,泰安鄉,1,朱立倫,王如玄,中國國民黨,,1362,3182,19,3201,4881
2016 總統,2016,2016-01-16,總統,苗栗縣,泰安,苗栗縣,泰安鄉,2,蔡英文,陳建仁,民主進步黨,Y,764,3182,19,3201,4881
2016 總統,2016,2016-01-16,總統,苗栗縣,泰安,苗栗縣,泰安鄉,3,宋楚瑜,徐欣瑩,親民黨,,1056,3182,19,3201,4881
2016 總統,2016,2016-01-16,總統,南投縣,仁愛,南投縣,仁愛鄉,1,朱立倫,王如玄,中國國民黨,,3424,6679,57,6736,11945
2016 總統,2016,2016-01-16,總統,南投縣,仁愛,南投縣,仁愛鄉,2,蔡英文,陳建仁,民主進步黨,Y,1506,6679,57,6736,11945
2016 總統,2016,2016-01-16,總統,南投縣,仁愛,南投縣,仁愛鄉,3,宋楚瑜,徐欣瑩,親民黨,,1749,6679,57,6736,11945
2016 總統,2016,2016-01-16,總統,南投縣,信義,南投縣,信義鄉,1,朱立倫,王如玄,中國國民黨,,3289,7362,139,7501,12791
2016 總統,2016,2016-01-16,總統,南投縣,信義,南投縣,信義鄉,2,蔡英文,陳建仁,民主進步黨,Y,2857,7362,139,7501,12791
2016 總統,2016,2016-01-16,總統,南投縣,信義,南投縣,信義鄉,3,宋楚瑜,徐欣瑩,親民黨,,1216,7362,139,7501,12791
2016 總統,2016,2016-01-16,總統,嘉義縣,阿里山,嘉義縣,阿里山鄉,1,朱立倫,王如玄,中國國民黨,,1177,2510,31,2541,4544
2016 總統,2016,2016-01-16,總統,嘉義縣,阿里山,嘉義縣,阿里山鄉,2,蔡英文,陳建仁,民主進步黨,Y,937,2510,31,2541,4544
2016 總統,2016,2016-01-16,總統,嘉義縣,阿里山,嘉義縣,阿里山鄉,3,宋楚瑜,徐欣瑩,親民黨,,396,2510,31,2541,4544
2016 總統,2016,2016-01-16,總統,屏東縣,三地門,屏東縣,三地門鄉,1,朱立倫,王如玄,中國國民黨,,2360,3914,47,3961,6095
2016 總統,2016,2016-01-16,總統,屏東縣,三地門,屏東縣,三地門鄉,2,蔡英文,陳建仁,民主進步黨,Y,847,3914,47,3961,6095
2016 總統,2016,2016-01-16,總統,屏東縣,三地門,屏東縣,三地門鄉,3,宋楚瑜,徐欣瑩,親民黨,,707,3914,47,3961,6095
2016 總統,2016,2016-01-16,總統,屏東縣,霧臺,屏東縣,霧臺鄉,1,朱立倫,王如玄,中國國民黨,,1091,1853,16,1869,2821
2016 總統,2016,2016-01-16,總統,屏東縣,霧臺,屏東縣,霧臺鄉,2,蔡英文,陳建仁,民主進步黨,Y,447,1853,16,1869,2821
2016 總統,2016,2016-01-16,總統,屏東縣,霧臺,屏東縣,霧臺鄉,3,宋楚瑜,徐欣瑩,親民黨,,315,1853,16,1869,2821
2016 總統,2016,2016-01-16,總統,屏東縣,瑪家,屏東縣,瑪家鄉,1,朱立倫,王如玄,中國國民黨,,2162,3557,26,3583,5360
2016 總統,2016,2016-01-16,總統,屏東縣,瑪家,屏東縣,瑪家鄉,2,蔡英文,陳建仁,民主進步黨,Y,677,3557,26,3583,5360
2016 總統,2016,2016-01-16,總統,屏東縣,瑪家,屏東縣,瑪家鄉,3,宋楚瑜,徐欣瑩,親民黨,,718,3557,26,3583,5360
2016 總統,2016,2016-01-16,總統,屏東縣,泰武,屏東縣,泰武鄉,1,朱立倫,王如玄,中國國民黨,,1540,2809,24,2833,4054
2016 總統,2016,2016-01-16,總統,屏東縣,泰武,屏東縣,泰武鄉,2,蔡英文,陳建仁,民主進步黨,Y,510,2809,24,2833,4054
2016 總統,2016,2016-01-16,總統,屏東縣,泰武,屏東縣,泰武鄉,3,宋楚瑜,徐欣瑩,親民黨,,759,2809,24,2833,4054
2016 總統,2016,2016-01-16,總統,屏東縣,來義,屏東縣,來義鄉,1,朱立倫,王如玄,中國國民黨,,2562,4000,39,4039,6069
2016 總統,2016,2016-01-16,總統,屏東縣,來義,屏東縣,來義鄉,2,蔡英文,陳建仁,民主進步黨,Y,708,4000,39,4039,6069
2016 總統,2016,2016-01-16,總統,屏東縣,來義,屏東縣,來義鄉,3,宋楚瑜,徐欣瑩,親民黨,,730,4000,39,4039,6069
2016 總統,2016,2016-01-16,總統,屏東縣,春日,屏東縣,春日鄉,1,朱立倫,王如玄,中國國民黨,,1340,2324,29,2353,3722
2016 總統,2016,2016-01-16,總統,屏東縣,春日,屏東縣,春日鄉,2,蔡英文,陳建仁,民主進步黨,Y,328,2324,29,2353,3722
2016 總統,2016,2016-01-16,總統,屏東縣,春日,屏東縣,春日鄉,3,宋楚瑜,徐欣瑩,親民黨,,656,2324,29,2353,3722
2016 總統,2016,2016-01-16,總統,屏東縣,獅子,屏東縣,獅子鄉,1,朱立倫,王如玄,中國國民黨,,1374,2503,30,2533,3907
2016 總統,2016,2016-01-16,總統,屏東縣,獅子,屏東縣,獅子鄉,2,蔡英文,陳建仁,民主進步黨,Y,483,2503,30,2533,3907
2016 總統,2016,2016-01-16,總統,屏東縣,獅子,屏東縣,獅子鄉,3,宋楚瑜,徐欣瑩,親民黨,,646,2503,30,2533,3907
2016 總統,2016,2016-01-16,總統,屏東縣,牡丹,屏東縣,牡丹鄉,1,朱立倫,王如玄,中國國民黨,,1119,2242,25,2267,3940
2016 總統,2016,2016-01-16,總統,屏東縣,牡丹,屏東縣,牡丹鄉,2,蔡英文,陳建仁,民主進步黨,Y,420,2242,25,2267,3940
2016 總統,2016,2016-01-16,總統,屏東縣,牡丹,屏東縣,牡丹鄉,3,宋楚瑜,徐欣瑩,親民黨,,703,2242,25,2267,3940
2016 總統,2016,2016-01-16,總統,宜蘭縣,大同,宜蘭縣,大同鄉,1,朱立倫,王如玄,中國國民黨,,1155,2848,31,2879,4535
2016 總統,2016,2016-01-16,總統,宜蘭縣,大同,宜蘭縣,大同鄉,2,蔡英文,陳建仁,民主進步黨,Y,625,2848,31,2879,4535
2016 總統,2016,2016-01-16,總統,宜蘭縣,大同,宜蘭縣,大同鄉,3,宋楚瑜,徐欣瑩,親民黨,,1068,2848,31,2879,4535
2016 總統,2016,2016-01-16,總統,宜蘭縣,南澳,宜蘭縣,南澳鄉,1,朱立倫,王如玄,中國國民黨,,1361,2680,29,2709,4345
2016 總統,2016,2016-01-16,總統,宜蘭縣,南澳,宜蘭縣,南澳鄉,2,蔡英文,陳建仁,民主進步黨,Y,407,2680,29,2709,4345
2016 總統,2016,2016-01-16,總統,宜蘭縣,南澳,宜蘭縣,南澳鄉,3,宋楚瑜,徐欣瑩,親民黨,,912,2680,29,2709,4345
2016 總統,2016,2016-01-16,總統,花蓮縣,秀林,花蓮縣,秀林鄉,1,朱立倫,王如玄,中國國民黨,,3214,6518,99,6617,11477
2016 總統,2016,2016-01-16,總統,花蓮縣,秀林,花蓮縣,秀林鄉,2,蔡英文,陳建仁,民主進步黨,Y,1770,6518,99,6617,11477
2016 總統,2016,2016-01-16,總統,花蓮縣,秀林,花蓮縣,秀林鄉,3,宋楚瑜,徐欣瑩,親民黨,,1534,6518,99,6617,11477
2016 總統,2016,2016-01-16,總統,花蓮縣,萬榮,花蓮縣,萬榮鄉,1,朱立倫,王如玄,中國國民黨,,1569,2575,41,2616,4924
2016 總統,2016,2016-01-16,總統,花蓮縣,萬榮,花蓮縣,萬榮鄉,2,蔡英文,陳建仁,民主進步黨,Y,537,2575,41,2616,4924
2016 總統,2016,2016-01-16,總統,花蓮縣,萬榮,花蓮縣,萬榮鄉,3,宋楚瑜,徐欣瑩,親民黨,,469,2575,41,2616,4924
2016 總統,2016,2016-01-16,總統,花蓮縣,卓溪,花蓮縣,卓溪鄉,1,朱立倫,王如玄,中國國民黨,,1633,2356,40,2396,4768
2016 總統,2016,2016-01-16,總統,花蓮縣,卓溪,花蓮縣,卓溪鄉,2,蔡英文,陳建仁,民主進步黨,Y,338,2356,40,2396,4768
2016 總統,2016,2016-01-16,總統,花蓮縣,卓溪,花蓮縣,卓溪鄉,3,宋楚瑜,徐欣瑩,親民黨,,385,2356,40,2396,4768
2016 總統,2016,2016-01-16,總統,臺東縣,海端,臺東縣,海端鄉,1,朱立倫,王如玄,中國國民黨,,1070,1736,38,1774,3208
2016 總統,2016,2016-01-16,總統,臺東縣,海端,臺東縣,海端鄉,2,蔡英文,陳建仁,民主進步黨,Y,337,1736,38,1774,3208
2016 總統,2016,2016-01-16,總統,臺東縣,海端,臺東縣,海端鄉,3,宋楚瑜,徐欣瑩,親民黨,,329,1736,38,1774,3208
2016 總統,2016,2016-01-16,總統,臺東縣,延平,臺東縣,延平鄉,1,朱立倫,王如玄,中國國民黨,,990,1556,30,1586,2724
2016 總統,2016,2016-01-16,總統,臺東縣,延平,臺東縣,延平鄉,2,蔡英文,陳建仁,民主進步黨,Y,335,1556,30,1586,2724
2016 總統,2016,2016-01-16,總統,臺東縣,延平,臺東縣,延平鄉,3,宋楚瑜,徐欣瑩,親民黨,,231,1556,30,1586,2724
2016 總統,2016,2016-01-16,總統,臺東縣,金峰,臺東縣,金峰鄉,1,朱立倫,王如玄,中國國民黨,,1184,1659,22,1681,2732
2016 總統,2016,2016-01-16,總統,臺東縣,金峰,臺東縣,金峰鄉,2,蔡英文,陳建仁,民主進步黨,Y,166,1659,22,1681,2732
2016 總統,2016,2016-01-16,總統,臺東縣,金峰,臺東縣,金峰鄉,3,宋楚瑜,徐欣瑩,親民黨,,309,1659,22,1681,2732
2016 總統,2016,2016-01-16,總統,臺東縣,達仁,臺東縣,達仁鄉,1,朱立倫,王如玄,中國國民黨,,1073,1554,16,1570,3019
2016 總統,2016,2016-01-16,總統,臺東縣,達仁,臺東縣,達仁鄉,2,蔡英文,陳建仁,民主進步黨,Y,252,1554,16,1570,3019
2016 總統,2016,2016-01-16,總統,臺東縣,達仁,臺東縣,達仁鄉,3,宋楚瑜,徐欣瑩,親民黨,,229,1554,16,1570,3019
2016 總統,2016,2016-01-16,總統,臺東縣,蘭嶼,臺東縣,蘭嶼鄉,1,朱立倫,王如玄,中國國民黨,,382,1298,34,1332,3834
2016 總統,2016,2016-01-16,總統,臺東縣,蘭嶼,臺東縣,蘭嶼鄉,2,蔡英文,陳建仁,民主進步黨,Y,299,1298,34,1332,3834
2016 總統,2016,2016-01-16,總統,臺東縣,蘭嶼,臺東縣,蘭嶼鄉,3,宋楚瑜,徐欣瑩,親民黨,,617,1298,34,1332,3834
2018 縣市長,2018,2018-11-24,縣市長,新竹縣,尖石,新竹縣,尖石鄉,1,楊文科,,中國國民黨,Y,2836,5519,138,5657,7040
2018 縣市長,2018,2018-11-24,縣市長,新竹縣,尖石,新竹縣,尖石鄉,2,葉芳棟,,無黨籍及未經政黨推薦,,68,5519,138,5657,7040
2018 縣市長,2018,2018-11-24,縣市長,新竹縣,尖石,新竹縣,尖石鄉,3,鄭朝方,,民主進步黨,,1525,5519,138,5657,7040
2018 縣市長,2018,2018-11-24,縣市長,新竹縣,尖石,新竹縣,尖石鄉,4,徐欣瑩,,民國黨,,1090,5519,138,5657,7040
2018 縣市長,2018,2018-11-24,縣市長,新竹縣,五峰,新竹縣,五峰鄉,1,楊文科,,中國國民黨,Y,1398,3084,94,3178,3880
2018 縣市長,2018,2018-11-24,縣市長,新竹縣,五峰,新竹縣,五峰鄉,2,葉芳棟,,無黨籍及未經政黨推薦,,23,3084,94,3178,3880
2018 縣市長,2018,2018-11-24,縣市長,新竹縣,五峰,新竹縣,五峰鄉,3,鄭朝方,,民主進步黨,,963,3084,94,3178,3880
2018 縣市長,2018,2018-11-24,縣市長,新竹縣,五峰,新竹縣,五峰鄉,4,徐欣瑩,,民國黨,,700,3084,94,3178,3880
2018 縣市長,2018,2018-11-24,縣市長,苗栗縣,泰安,苗栗縣,泰安鄉,1,朱泰平,,無黨籍及未經政黨推薦,,79,4338,156,4494,5010
2018 縣市長,2018,2018-11-24,縣市長,苗栗縣,泰安,苗栗縣,泰安鄉,2,徐定禎,,無黨籍及未經政黨推薦,,1318,4338,156,4494,5010
2018 縣市長,2018,2018-11-24,縣市長,苗栗縣,泰安,苗栗縣,泰安鄉,3,黃玉燕,,無黨籍及未經政黨推薦,,112,4338,156,4494,5010
2018 縣市長,2018,2018-11-24,縣市長,苗栗縣,泰安,苗栗縣,泰安鄉,4,徐耀昌,,中國國民黨,Y,2829,4338,156,4494,5010
2018 縣市長,2018,2018-11-24,縣市長,南投縣,信義,南投縣,信義鄉,1,林明溱,,中國國民黨,Y,7902,9760,324,10084,12837
2018 縣市長,2018,2018-11-24,縣市長,南投縣,信義,南投縣,信義鄉,2,洪國浩,,民主進步黨,,1858,9760,324,10084,12837
2018 縣市長,2018,2018-11-24,縣市長,南投縣,仁愛,南投縣,仁愛鄉,1,林明溱,,中國國民黨,Y,8037,9475,233,9708,12123
2018 縣市長,2018,2018-11-24,縣市長,南投縣,仁愛,南投縣,仁愛鄉,2,洪國浩,,民主進步黨,,1438,9475,233,9708,12123
2018 縣市長,2018,2018-11-24,縣市長,嘉義縣,阿里山,嘉義縣,阿里山鄉,1,翁章梁,,民主進步黨,Y,1449,3232,157,3389,4532
2018 縣市長,2018,2018-11-24,縣市長,嘉義縣,阿里山,嘉義縣,阿里山鄉,2,吳芳銘,,無黨籍及未經政黨推薦,,577,3232,157,3389,4532
2018 縣市長,2018,2018-11-24,縣市長,嘉義縣,阿里山,嘉義縣,阿里山鄉,3,林國龍,,無黨籍及未經政黨推薦,,40,3232,157,3389,4532
2018 縣市長,2018,2018-11-24,縣市長,嘉義縣,阿里山,嘉義縣,阿里山鄉,4,吳育仁,,中國國民黨,,1166,3232,157,3389,4532
2018 縣市長,2018,2018-11-24,縣市長,屏東縣,三地門,屏東縣,三地門鄉,1,李鎔任,,無黨籍及未經政黨推薦,,85,5157,169,5326,6173
2018 縣市長,2018,2018-11-24,縣市長,屏東縣,三地門,屏東縣,三地門鄉,2,蘇清泉,,中國國民黨,,2895,5157,169,5326,6173
2018 縣市長,2018,2018-11-24,縣市長,屏東縣,三地門,屏東縣,三地門鄉,3,潘孟安,,民主進步黨,Y,2177,5157,169,5326,6173
2018 縣市長,2018,2018-11-24,縣市長,屏東縣,霧臺,屏東縣,霧臺鄉,1,李鎔任,,無黨籍及未經政黨推薦,,46,2490,62,2552,2887
2018 縣市長,2018,2018-11-24,縣市長,屏東縣,霧臺,屏東縣,霧臺鄉,2,蘇清泉,,中國國民黨,,1129,2490,62,2552,2887
2018 縣市長,2018,2018-11-24,縣市長,屏東縣,霧臺,屏東縣,霧臺鄉,3,潘孟安,,民主進步黨,Y,1315,2490,62,2552,2887
2018 縣市長,2018,2018-11-24,縣市長,屏東縣,瑪家,屏東縣,瑪家鄉,1,李鎔任,,無黨籍及未經政黨推薦,,65,4572,98,4670,5484
2018 縣市長,2018,2018-11-24,縣市長,屏東縣,瑪家,屏東縣,瑪家鄉,2,蘇清泉,,中國國民黨,,2350,4572,98,4670,5484
2018 縣市長,2018,2018-11-24,縣市長,屏東縣,瑪家,屏東縣,瑪家鄉,3,潘孟安,,民主進步黨,Y,2157,4572,98,4670,5484
2018 縣市長,2018,2018-11-24,縣市長,屏東縣,泰武,屏東縣,泰武鄉,1,李鎔任,,無黨籍及未經政黨推薦,,42,3578,84,3662,4197
2018 縣市長,2018,2018-11-24,縣市長,屏東縣,泰武,屏東縣,泰武鄉,2,蘇清泉,,中國國民黨,,1668,3578,84,3662,4197
2018 縣市長,2018,2018-11-24,縣市長,屏東縣,泰武,屏東縣,泰武鄉,3,潘孟安,,民主進步黨,Y,1868,3578,84,3662,4197
2018 縣市長,2018,2018-11-24,縣市長,屏東縣,來義,屏東縣,來義鄉,1,李鎔任,,無黨籍及未經政黨推薦,,64,4753,169,4922,6043
2018 縣市長,2018,2018-11-24,縣市長,屏東縣,來義,屏東縣,來義鄉,2,蘇清泉,,中國國民黨,,2673,4753,169,4922,6043
2018 縣市長,2018,2018-11-24,縣市長,屏東縣,來義,屏東縣,來義鄉,3,潘孟安,,民主進步黨,Y,2016,4753,169,4922,6043
2018 縣市長,2018,2018-11-24,縣市長,屏東縣,春日,屏東縣,春日鄉,1,李鎔任,,無黨籍及未經政黨推薦,,71,3027,186,3213,3783
2018 縣市長,2018,2018-11-24,縣市長,屏東縣,春日,屏東縣,春日鄉,2,蘇清泉,,中國國民黨,,1737,3027,186,3213,3783
2018 縣市長,2018,2018-11-24,縣市長,屏東縣,春日,屏東縣,春日鄉,3,潘孟安,,民主進步黨,Y,1219,3027,186,3213,3783
2018 縣市長,2018,2018-11-24,縣市長,屏東縣,獅子,屏東縣,獅子鄉,1,李鎔任,,無黨籍及未經政黨推薦,,72,3424,120,3544,4107
2018 縣市長,2018,2018-11-24,縣市長,屏東縣,獅子,屏東縣,獅子鄉,2,蘇清泉,,中國國民黨,,2192,3424,120,3544,4107
2018 縣市長,2018,2018-11-24,縣市長,屏東縣,獅子,屏東縣,獅子鄉,3,潘孟安,,民主進步黨,Y,1160,3424,120,3544,4107
2018 縣市長,2018,2018-11-24,縣市長,屏東縣,牡丹,屏東縣,牡丹鄉,1,李鎔任,,無黨籍及未經政黨推薦,,68,3198,143,3341,4204
2018 縣市長,2018,2018-11-24,縣市長,屏東縣,牡丹,屏東縣,牡丹鄉,2,蘇清泉,,中國國民黨,,1772,3198,143,3341,4204
2018 縣市長,2018,2018-11-24,縣市長,屏東縣,牡丹,屏東縣,牡丹鄉,3,潘孟安,,民主進步黨,Y,1358,3198,143,3341,4204
2018 縣市長,2018,2018-11-24,縣市長,宜蘭縣,大同,宜蘭縣,大同鄉,1,林信華,,無黨籍及未經政黨推薦,,149,3906,96,4002,4749
2018 縣市長,2018,2018-11-24,縣市長,宜蘭縣,大同,宜蘭縣,大同鄉,2,林姿妙,,中國國民黨,Y,3360,3906,96,4002,4749
2018 縣市長,2018,2018-11-24,縣市長,宜蘭縣,大同,宜蘭縣,大同鄉,3,陳歐珀,,民主進步黨,,374,3906,96,4002,4749
2018 縣市長,2018,2018-11-24,縣市長,宜蘭縣,大同,宜蘭縣,大同鄉,4,林錦坤,,無黨籍及未經政黨推薦,,9,3906,96,4002,4749
2018 縣市長,2018,2018-11-24,縣市長,宜蘭縣,大同,宜蘭縣,大同鄉,5,陳秋境,,無黨籍及未經政黨推薦,,14,3906,96,4002,4749
2018 縣市長,2018,2018-11-24,縣市長,宜蘭縣,南澳,宜蘭縣,南澳鄉,1,林信華,,無黨籍及未經政黨推薦,,114,3657,96,3753,4435
2018 縣市長,2018,2018-11-24,縣市長,宜蘭縣,南澳,宜蘭縣,南澳鄉,2,林姿妙,,中國國民黨,Y,3245,3657,96,3753,4435
2018 縣市長,2018,2018-11-24,縣市長,宜蘭縣,南澳,宜蘭縣,南澳鄉,3,陳歐珀,,民主進步黨,,260,3657,96,3753,4435
2018 縣市長,2018,2018-11-24,縣市長,宜蘭縣,南澳,宜蘭縣,南澳鄉,4,林錦坤,,無黨籍及未經政黨推薦,,14,3657,96,3753,4435
2018 縣市長,2018,2018-11-24,縣市長,宜蘭縣,南澳,宜蘭縣,南澳鄉,5,陳秋境,,無黨籍及未經政黨推薦,,24,3657,96,3753,4435
2018 縣市長,2018,2018-11-24,縣市長,花蓮縣,秀林,花蓮縣,秀林鄉,1,徐榛蔚,,中國國民黨,Y,7074,8782,234,9016,11974
2018 縣市長,2018,2018-11-24,縣市長,花蓮縣,秀林,花蓮縣,秀林鄉,2,劉曉玫,,民主進步黨,,1629,8782,234,9016,11974
2018 縣市長,2018,2018-11-24,縣市長,花蓮縣,秀林,花蓮縣,秀林鄉,3,黄師鵬,,無黨籍及未經政黨推薦,,79,8782,234,9016,11974
2018 縣市長,2018,2018-11-24,縣市長,花蓮縣,萬榮,花蓮縣,萬榮鄉,1,徐榛蔚,,中國國民黨,Y,3205,3829,124,3953,5063
2018 縣市長,2018,2018-11-24,縣市長,花蓮縣,萬榮,花蓮縣,萬榮鄉,2,劉曉玫,,民主進步黨,,567,3829,124,3953,5063
2018 縣市長,2018,2018-11-24,縣市長,花蓮縣,萬榮,花蓮縣,萬榮鄉,3,黄師鵬,,無黨籍及未經政黨推薦,,57,3829,124,3953,5063
2018 縣市長,2018,2018-11-24,縣市長,花蓮縣,卓溪,花蓮縣,卓溪鄉,1,徐榛蔚,,中國國民黨,Y,2997,3402,94,3496,4809
2018 縣市長,2018,2018-11-24,縣市長,花蓮縣,卓溪,花蓮縣,卓溪鄉,2,劉曉玫,,民主進步黨,,363,3402,94,3496,4809
2018 縣市長,2018,2018-11-24,縣市長,花蓮縣,卓溪,花蓮縣,卓溪鄉,3,黄師鵬,,無黨籍及未經政黨推薦,,42,3402,94,3496,4809
2018 縣市長,2018,2018-11-24,縣市長,臺東縣,海端,臺東縣,海端鄉,1,鄺麗貞,,無黨籍及未經政黨推薦,,68,2220,70,2290,3135
2018 縣市長,2018,2018-11-24,縣市長,臺東縣,海端,臺東縣,海端鄉,2,劉櫂豪,,民主進步黨,,467,2220,70,2290,3135
2018 縣市長,2018,2018-11-24,縣市長,臺東縣,海端,臺東縣,海端鄉,3,黃裕斌,,無黨籍及未經政黨推薦,,9,2220,70,2290,3135
2018 縣市長,2018,2018-11-24,縣市長,臺東縣,海端,臺東縣,海端鄉,4,彭權國,,無黨籍及未經政黨推薦,,15,2220,70,2290,3135
2018 縣市長,2018,2018-11-24,縣市長,臺東縣,海端,臺東縣,海端鄉,5,饒慶鈴,,中國國民黨,Y,1661,2220,70,2290,3135
2018 縣市長,2018,2018-11-24,縣市長,臺東縣,延平,臺東縣,延平鄉,1,鄺麗貞,,無黨籍及未經政黨推薦,,104,2272,69,2341,2811
2018 縣市長,2018,2018-11-24,縣市長,臺東縣,延平,臺東縣,延平鄉,2,劉櫂豪,,民主進步黨,,460,2272,69,2341,2811
2018 縣市長,2018,2018-11-24,縣市長,臺東縣,延平,臺東縣,延平鄉,3,黃裕斌,,無黨籍及未經政黨推薦,,20,2272,69,2341,2811
2018 縣市長,2018,2018-11-24,縣市長,臺東縣,延平,臺東縣,延平鄉,4,彭權國,,無黨籍及未經政黨推薦,,11,2272,69,2341,2811
2018 縣市長,2018,2018-11-24,縣市長,臺東縣,延平,臺東縣,延平鄉,5,饒慶鈴,,中國國民黨,Y,1677,2272,69,2341,2811
2018 縣市長,2018,2018-11-24,縣市長,臺東縣,金峰,臺東縣,金峰鄉,1,鄺麗貞,,無黨籍及未經政黨推薦,,60,2448,40,2488,2901
2018 縣市長,2018,2018-11-24,縣市長,臺東縣,金峰,臺東縣,金峰鄉,2,劉櫂豪,,民主進步黨,,606,2448,40,2488,2901
2018 縣市長,2018,2018-11-24,縣市長,臺東縣,金峰,臺東縣,金峰鄉,3,黃裕斌,,無黨籍及未經政黨推薦,,6,2448,40,2488,2901
2018 縣市長,2018,2018-11-24,縣市長,臺東縣,金峰,臺東縣,金峰鄉,4,彭權國,,無黨籍及未經政黨推薦,,6,2448,40,2488,2901
2018 縣市長,2018,2018-11-24,縣市長,臺東縣,金峰,臺東縣,金峰鄉,5,饒慶鈴,,中國國民黨,Y,1770,2448,40,2488,2901
2018 縣市長,2018,2018-11-24,縣市長,臺東縣,達仁,臺東縣,達仁鄉,1,鄺麗貞,,無黨籍及未經政黨推薦,,97,2470,59,2529,3053
2018 縣市長,2018,2018-11-24,縣市長,臺東縣,達仁,臺東縣,達仁鄉,2,劉櫂豪,,民主進步黨,,641,2470,59,2529,3053
2018 縣市長,2018,2018-11-24,縣市長,臺東縣,達仁,臺東縣,達仁鄉,3,黃裕斌,,無黨籍及未經政黨推薦,,16,2470,59,2529,3053
2018 縣市長,2018,2018-11-24,縣市長,臺東縣,達仁,臺東縣,達仁鄉,4,彭權國,,無黨籍及未經政黨推薦,,9,2470,59,2529,3053
2018 縣市長,2018,2018-11-24,縣市長,臺東縣,達仁,臺東縣,達仁鄉,5,饒慶鈴,,中國國民黨,Y,1707,2470,59,2529,3053
2018 縣市長,2018,2018-11-24,縣市長,臺東縣,蘭嶼,臺東縣,蘭嶼鄉,1,鄺麗貞,,無黨籍及未經政黨推薦,,207,2129,203,2332,4004
2018 縣市長,2018,2018-11-24,縣市長,臺東縣,蘭嶼,臺東縣,蘭嶼鄉,2,劉櫂豪,,民主進步黨,,760,2129,203,2332,4004
2018 縣市長,2018,2018-11-24,縣市長,臺東縣,蘭嶼,臺東縣,蘭嶼鄉,3,黃裕斌,,無黨籍及未經政黨推薦,,26,2129,203,2332,4004
2018 縣市長,2018,2018-11-24,縣市長,臺東縣,蘭嶼,臺東縣,蘭嶼鄉,4,彭權國,,無黨籍及未經政黨推薦,,32,2129,203,2332,4004
2018 縣市長,2018,2018-11-24,縣市長,臺東縣,蘭嶼,臺東縣,蘭嶼鄉,5,饒慶鈴,,中國國民黨,Y,1104,2129,203,2332,4004
2018 縣市長,2018,2018-11-24,縣市長,新北市,烏來,新北市,烏來區,1,蘇貞昌,,民主進步黨,,1399,3971,108,4079,5096
2018 縣市長,2018,2018-11-24,縣市長,新北市,烏來,新北市,烏來區,2,侯友宜,,中國國民黨,Y,2572,3971,108,4079,5096
2018 縣市長,2018,2018-11-24,縣市長,桃園市,復興,桃園市,復興區,1,朱梅雪,,無黨籍及未經政黨推薦,,43,7004,211,7215,9421
2018 縣市長,2018,2018-11-24,縣市長,桃園市,復興,桃園市,復興區,2,陳學聖,,中國國民黨,,2966,7004,211,7215,9421
2018 縣市長,2018,2018-11-24,縣市長,桃園市,復興,桃園市,復興區,3,楊麗環,,無黨籍及未經政黨推薦,,294,7004,211,7215,9421
2018 縣市長,2018,2018-11-24,縣市長,桃園市,復興,桃園市,復興區,4,吳富彤,,無黨籍及未經政黨推薦,,32,7004,211,7215,9421
2018 縣市長,2018,2018-11-24,縣市長,桃園市,復興,桃園市,復興區,5,鄭文燦,,民主進步黨,Y,3669,7004,211,7215,9421
2018 縣市長,2018,2018-11-24,縣市長,臺中市,和平,臺中市,和平區,1,宋原通,,無黨籍及未經政黨推薦,,71,7056,172,7228,9231
2018 縣市長,2018,2018-11-24,縣市長,臺中市,和平,臺中市,和平區,2,林佳龍,,民主進步黨,,2035,7056,172,7228,9231
2018 縣市長,2018,2018-11-24,縣市長,臺中市,和平,臺中市,和平區,3,盧秀燕,,中國國民黨,Y,4950,7056,172,7228,9231
2018 縣市長,2018,2018-11-24,縣市長,高雄市,茂林,高雄市,茂林區,1,韓國瑜,,中國國民黨,Y,1281,1395,20,1415,1544
2018 縣市長,2018,2018-11-24,縣市長,高雄市,茂林,高雄市,茂林區,2,陳其邁,,民主進步黨,,107,1395,20,1415,1544
2018 縣市長,2018,2018-11-24,縣市長,高雄市,茂林,高雄市,茂林區,3,璩美鳳,,無黨籍及未經政黨推薦,,6,1395,20,1415,1544
2018 縣市長,2018,2018-11-24,縣市長,高雄市,茂林,高雄市,茂林區,4,蘇盈貴,,無黨籍及未經政黨推薦,,1,1395,20,1415,1544
2018 縣市長,2018,2018-11-24,縣市長,高雄市,桃源,高雄市,桃源區,1,韓國瑜,,中國國民黨,Y,2519,2846,52,2898,3376
2018 縣市長,2018,2018-11-24,縣市長,高雄市,桃源,高雄市,桃源區,2,陳其邁,,民主進步黨,,304,2846,52,2898,3376
2018 縣市長,2018,2018-11-24,縣市長,高雄市,桃源,高雄市,桃源區,3,璩美鳳,,無黨籍及未經政黨推薦,,14,2846,52,2898,3376
2018 縣市長,2018,2018-11-24,縣市長,高雄市,桃源,高雄市,桃源區,4,蘇盈貴,,無黨籍及未經政黨推薦,,9,2846,52,2898,3376
2018 縣市長,2018,2018-11-24,縣市長,高雄市,那瑪夏,高雄市,那瑪夏區,1,韓國瑜,,中國國民黨,Y,1751,2058,32,2090,2338
2018 縣市長,2018,2018-11-24,縣市長,高雄市,那瑪夏,高雄市,那瑪夏區,2,陳其邁,,民主進步黨,,295,2058,32,2090,2338
2018 縣市長,2018,2018-11-24,縣市長,高雄市,那瑪夏,高雄市,那瑪夏區,3,璩美鳳,,無黨籍及未經政黨推薦,,10,2058,32,2090,2338
2018 縣市長,2018,2018-11-24,縣市長,高雄市,那瑪夏,高雄市,那瑪夏區,4,蘇盈貴,,無黨籍及未經政黨推薦,,2,2058,32,2090,2338
2020 總統,2020,2020-01-11,總統,新北市,烏來,新北市,烏來區,1,宋楚瑜,余湘,親民黨,,173,3690,37,3727,5153
2020 總統,2020,2020-01-11,總統,新北市,烏來,新北市,烏來區,2,韓國瑜,張善政,中國國民黨,,1894,3690,37,3727,5153
2020 總統,2020,2020-01-11,總統,新北市,烏來,新北市,烏來區,3,蔡英文,賴清德,民主進步黨,Y,1623,3690,37,3727,5153
2020 總統,2020,2020-01-11,總統,桃園市,復興,桃園市,復興區,1,宋楚瑜,余湘,親民黨,,233,6314,54,6368,9594
2020 總統,2020,2020-01-11,總統,桃園市,復興,桃園市,復興區,2,韓國瑜,張善政,中國國民黨,,4043,6314,54,6368,9594
2020 總統,2020,2020-01-11,總統,桃園市,復興,桃園市,復興區,3,蔡英文,賴清德,民主進步黨,Y,2038,6314,54,6368,9594
2020 總統,2020,2020-01-11,總統,臺中市,和平,臺中市,和平區,1,宋楚瑜,余湘,親民黨,,234,6448,68,6516,9200
2020 總統,2020,2020-01-11,總統,臺中市,和平,臺中市,和平區,2,韓國瑜,張善政,中國國民黨,,4097,6448,68,6516,9200
2020 總統,2020,2020-01-11,總統,臺中市,和平,臺中市,和平區,3,蔡英文,賴清德,民主進步黨,Y,2117,6448,68,6516,9200
2020 總統,2020,2020-01-11,總統,高雄市,茂林,高雄市,茂林區,1,宋楚瑜,余湘,親民黨,,20,1164,9,1173,1522
2020 總統,2020,2020-01-11,總統,高雄市,茂林,高雄市,茂林區,2,韓國瑜,張善政,中國國民黨,,877,1164,9,1173,1522
2020 總統,2020,2020-01-11,總統,高雄市,茂林,高雄市,茂林區,3,蔡英文,賴清德,民主進步黨,Y,267,1164,9,1173,1522
2020 總統,2020,2020-01-11,總統,高雄市,桃源,高雄市,桃源區,1,宋楚瑜,余湘,親民黨,,64,2283,24,2307,3344
2020 總統,2020,2020-01-11,總統,高雄市,桃源,高雄市,桃源區,2,韓國瑜,張善政,中國國民黨,,1674,2283,24,2307,3344
2020 總統,2020,2020-01-11,總統,高雄市,桃源,高雄市,桃源區,3,蔡英文,賴清德,民主進步黨,Y,545,2283,24,2307,3344
2020 總統,2020,2020-01-11,總統,高雄市,那瑪夏,高雄市,那瑪夏區,1,宋楚瑜,余湘,親民黨,,27,1602,12,1614,2338
2020 總統,2020,2020-01-11,總統,高雄市,那瑪夏,高雄市,那瑪夏區,2,韓國瑜,張善政,中國國民黨,,1145,1602,12,1614,2338
2020 總統,2020,2020-01-11,總統,高雄市,那瑪夏,高雄市,那瑪夏區,3,蔡英文,賴清德,民主進步黨,Y,430,1602,12,1614,2338
2020 總統,2020,2020-01-11,總統,宜蘭縣,大同,宜蘭縣,大同鄉,1,宋楚瑜,余湘,親民黨,,128,3388,31,3419,4749
2020 總統,2020,2020-01-11,總統,宜蘭縣,大同,宜蘭縣,大同鄉,2,韓國瑜,張善政,中國國民黨,,2568,3388,31,3419,4749
2020 總統,2020,2020-01-11,總統,宜蘭縣,大同,宜蘭縣,大同鄉,3,蔡英文,賴清德,民主進步黨,Y,692,3388,31,3419,4749
2020 總統,2020,2020-01-11,總統,宜蘭縣,南澳,宜蘭縣,南澳鄉,1,宋楚瑜,余湘,親民黨,,76,3182,25,3207,4416
2020 總統,2020,2020-01-11,總統,宜蘭縣,南澳,宜蘭縣,南澳鄉,2,韓國瑜,張善政,中國國民黨,,2636,3182,25,3207,4416
2020 總統,2020,2020-01-11,總統,宜蘭縣,南澳,宜蘭縣,南澳鄉,3,蔡英文,賴清德,民主進步黨,Y,470,3182,25,3207,4416
2020 總統,2020,2020-01-11,總統,新竹縣,尖石,新竹縣,尖石鄉,1,宋楚瑜,余湘,親民黨,,208,4684,53,4737,7065
2020 總統,2020,2020-01-11,總統,新竹縣,尖石,新竹縣,尖石鄉,2,韓國瑜,張善政,中國國民黨,,3291,4684,53,4737,7065
2020 總統,2020,2020-01-11,總統,新竹縣,尖石,新竹縣,尖石鄉,3,蔡英文,賴清德,民主進步黨,Y,1185,4684,53,4737,7065
2020 總統,2020,2020-01-11,總統,新竹縣,五峰,新竹縣,五峰鄉,1,宋楚瑜,余湘,親民黨,,93,2563,30,2593,3744
2020 總統,2020,2020-01-11,總統,新竹縣,五峰,新竹縣,五峰鄉,2,韓國瑜,張善政,中國國民黨,,1882,2563,30,2593,3744
2020 總統,2020,2020-01-11,總統,新竹縣,五峰,新竹縣,五峰鄉,3,蔡英文,賴清德,民主進步黨,Y,588,2563,30,2593,3744
2020 總統,2020,2020-01-11,總統,苗栗縣,泰安,苗栗縣,泰安鄉,1,宋楚瑜,余湘,親民黨,,102,3617,28,3645,4946
2020 總統,2020,2020-01-11,總統,苗栗縣,泰安,苗栗縣,泰安鄉,2,韓國瑜,張善政,中國國民黨,,2743,3617,28,3645,4946
2020 總統,2020,2020-01-11,總統,苗栗縣,泰安,苗栗縣,泰安鄉,3,蔡英文,賴清德,民主進步黨,Y,772,3617,28,3645,4946
2020 總統,2020,2020-01-11,總統,南投縣,信義,南投縣,信義鄉,1,宋楚瑜,余湘,親民黨,,320,8462,115,8577,12726
2020 總統,2020,2020-01-11,總統,南投縣,信義,南投縣,信義鄉,2,韓國瑜,張善政,中國國民黨,,5246,8462,115,8577,12726
2020 總統,2020,2020-01-11,總統,南投縣,信義,南投縣,信義鄉,3,蔡英文,賴清德,民主進步黨,Y,2896,8462,115,8577,12726
2020 總統,2020,2020-01-11,總統,南投縣,仁愛,南投縣,仁愛鄉,1,宋楚瑜,余湘,親民黨,,280,8212,64,8276,12164
2020 總統,2020,2020-01-11,總統,南投縣,仁愛,南投縣,仁愛鄉,2,韓國瑜,張善政,中國國民黨,,6247,8212,64,8276,12164
2020 總統,2020,2020-01-11,總統,南投縣,仁愛,南投縣,仁愛鄉,3,蔡英文,賴清德,民主進步黨,Y,1685,8212,64,8276,12164
2020 總統,2020,2020-01-11,總統,嘉義縣,阿里山,嘉義縣,阿里山鄉,1,宋楚瑜,余湘,親民黨,,106,3043,28,3071,4542
2020 總統,2020,2020-01-11,總統,嘉義縣,阿里山,嘉義縣,阿里山鄉,2,韓國瑜,張善政,中國國民黨,,2006,3043,28,3071,4542
2020 總統,2020,2020-01-11,總統,嘉義縣,阿里山,嘉義縣,阿里山鄉,3,蔡英文,賴清德,民主進步黨,Y,931,3043,28,3071,4542
2020 總統,2020,2020-01-11,總統,屏東縣,三地門,屏東縣,三地門鄉,1,宋楚瑜,余湘,親民黨,,141,4728,45,4773,6195
2020 總統,2020,2020-01-11,總統,屏東縣,三地門,屏東縣,三地門鄉,2,韓國瑜,張善政,中國國民黨,,3348,4728,45,4773,6195
2020 總統,2020,2020-01-11,總統,屏東縣,三地門,屏東縣,三地門鄉,3,蔡英文,賴清德,民主進步黨,Y,1239,4728,45,4773,6195
2020 總統,2020,2020-01-11,總統,屏東縣,霧臺,屏東縣,霧臺鄉,1,宋楚瑜,余湘,親民黨,,69,2234,13,2247,2839
2020 總統,2020,2020-01-11,總統,屏東縣,霧臺,屏東縣,霧臺鄉,2,韓國瑜,張善政,中國國民黨,,1496,2234,13,2247,2839
2020 總統,2020,2020-01-11,總統,屏東縣,霧臺,屏東縣,霧臺鄉,3,蔡英文,賴清德,民主進步黨,Y,669,2234,13,2247,2839
2020 總統,2020,2020-01-11,總統,屏東縣,瑪家,屏東縣,瑪家鄉,1,宋楚瑜,余湘,親民黨,,130,4231,33,4264,5459
2020 總統,2020,2020-01-11,總統,屏東縣,瑪家,屏東縣,瑪家鄉,2,韓國瑜,張善政,中國國民黨,,2989,4231,33,4264,5459
2020 總統,2020,2020-01-11,總統,屏東縣,瑪家,屏東縣,瑪家鄉,3,蔡英文,賴清德,民主進步黨,Y,1112,4231,33,4264,5459
2020 總統,2020,2020-01-11,總統,屏東縣,泰武,屏東縣,泰武鄉,1,宋楚瑜,余湘,親民黨,,95,3284,24,3308,4230
2020 總統,2020,2020-01-11,總統,屏東縣,泰武,屏東縣,泰武鄉,2,韓國瑜,張善政,中國國民黨,,2392,3284,24,3308,4230
2020 總統,2020,2020-01-11,總統,屏東縣,泰武,屏東縣,泰武鄉,3,蔡英文,賴清德,民主進步黨,Y,797,3284,24,3308,4230
2020 總統,2020,2020-01-11,總統,屏東縣,來義,屏東縣,來義鄉,1,宋楚瑜,余湘,親民黨,,154,4530,37,4567,6074
2020 總統,2020,2020-01-11,總統,屏東縣,來義,屏東縣,來義鄉,2,韓國瑜,張善政,中國國民黨,,3375,4530,37,4567,6074
2020 總統,2020,2020-01-11,總統,屏東縣,來義,屏東縣,來義鄉,3,蔡英文,賴清德,民主進步黨,Y,1001,4530,37,4567,6074
2020 總統,2020,2020-01-11,總統,屏東縣,春日,屏東縣,春日鄉,1,宋楚瑜,余湘,親民黨,,80,2689,27,2716,3833
2020 總統,2020,2020-01-11,總統,屏東縣,春日,屏東縣,春日鄉,2,韓國瑜,張善政,中國國民黨,,2000,2689,27,2716,3833
2020 總統,2020,2020-01-11,總統,屏東縣,春日,屏東縣,春日鄉,3,蔡英文,賴清德,民主進步黨,Y,609,2689,27,2716,3833
2020 總統,2020,2020-01-11,總統,屏東縣,獅子,屏東縣,獅子鄉,1,宋楚瑜,余湘,親民黨,,83,2944,21,2965,4046
2020 總統,2020,2020-01-11,總統,屏東縣,獅子,屏東縣,獅子鄉,2,韓國瑜,張善政,中國國民黨,,2239,2944,21,2965,4046
2020 總統,2020,2020-01-11,總統,屏東縣,獅子,屏東縣,獅子鄉,3,蔡英文,賴清德,民主進步黨,Y,622,2944,21,2965,4046
2020 總統,2020,2020-01-11,總統,屏東縣,牡丹,屏東縣,牡丹鄉,1,宋楚瑜,余湘,親民黨,,100,2751,25,2776,4085
2020 總統,2020,2020-01-11,總統,屏東縣,牡丹,屏東縣,牡丹鄉,2,韓國瑜,張善政,中國國民黨,,2006,2751,25,2776,4085
2020 總統,2020,2020-01-11,總統,屏東縣,牡丹,屏東縣,牡丹鄉,3,蔡英文,賴清德,民主進步黨,Y,645,2751,25,2776,4085
2020 總統,2020,2020-01-11,總統,臺東縣,海端,臺東縣,海端鄉,1,宋楚瑜,余湘,親民黨,,63,1899,15,1914,3127
2020 總統,2020,2020-01-11,總統,臺東縣,海端,臺東縣,海端鄉,2,韓國瑜,張善政,中國國民黨,,1439,1899,15,1914,3127
2020 總統,2020,2020-01-11,總統,臺東縣,海端,臺東縣,海端鄉,3,蔡英文,賴清德,民主進步黨,Y,397,1899,15,1914,3127
2020 總統,2020,2020-01-11,總統,臺東縣,延平,臺東縣,延平鄉,1,宋楚瑜,余湘,親民黨,,49,1803,26,1829,2782
2020 總統,2020,2020-01-11,總統,臺東縣,延平,臺東縣,延平鄉,2,韓國瑜,張善政,中國國民黨,,1348,1803,26,1829,2782
2020 總統,2020,2020-01-11,總統,臺東縣,延平,臺東縣,延平鄉,3,蔡英文,賴清德,民主進步黨,Y,406,1803,26,1829,2782
2020 總統,2020,2020-01-11,總統,臺東縣,金峰,臺東縣,金峰鄉,1,宋楚瑜,余湘,親民黨,,58,2184,12,2196,2887
2020 總統,2020,2020-01-11,總統,臺東縣,金峰,臺東縣,金峰鄉,2,韓國瑜,張善政,中國國民黨,,1785,2184,12,2196,2887
2020 總統,2020,2020-01-11,總統,臺東縣,金峰,臺東縣,金峰鄉,3,蔡英文,賴清德,民主進步黨,Y,341,2184,12,2196,2887
2020 總統,2020,2020-01-11,總統,臺東縣,達仁,臺東縣,達仁鄉,1,宋楚瑜,余湘,親民黨,,61,1923,11,1934,2961
2020 總統,2020,2020-01-11,總統,臺東縣,達仁,臺東縣,達仁鄉,2,韓國瑜,張善政,中國國民黨,,1510,1923,11,1934,2961
2020 總統,2020,2020-01-11,總統,臺東縣,達仁,臺東縣,達仁鄉,3,蔡英文,賴清德,民主進步黨,Y,352,1923,11,1934,2961
2020 總統,2020,2020-01-11,總統,臺東縣,蘭嶼,臺東縣,蘭嶼鄉,1,宋楚瑜,余湘,親民黨,,155,1685,14,1699,4067
2020 總統,2020,2020-01-11,總統,臺東縣,蘭嶼,臺東縣,蘭嶼鄉,2,韓國瑜,張善政,中國國民黨,,1008,1685,14,1699,4067
2020 總統,2020,2020-01-11,總統,臺東縣,蘭嶼,臺東縣,蘭嶼鄉,3,蔡英文,賴清德,民主進步黨,Y,522,1685,14,1699,4067
2020 總統,2020,2020-01-11,總統,花蓮縣,秀林,花蓮縣,秀林鄉,1,宋楚瑜,余湘,親民黨,,257,8350,108,8458,12131
2020 總統,2020,2020-01-11,總統,花蓮縣,秀林,花蓮縣,秀林鄉,2,韓國瑜,張善政,中國國民黨,,5938,8350,108,8458,12131
2020 總統,2020,2020-01-11,總統,花蓮縣,秀林,花蓮縣,秀林鄉,3,蔡英文,賴清德,民主進步黨,Y,2155,8350,108,8458,12131
2020 總統,2020,2020-01-11,總統,花蓮縣,萬榮,花蓮縣,萬榮鄉,1,宋楚瑜,余湘,親民黨,,93,3209,31,3240,5032
2020 總統,2020,2020-01-11,總統,花蓮縣,萬榮,花蓮縣,萬榮鄉,2,韓國瑜,張善政,中國國民黨,,2410,3209,31,3240,5032
2020 總統,2020,2020-01-11,總統,花蓮縣,萬榮,花蓮縣,萬榮鄉,3,蔡英文,賴清德,民主進步黨,Y,706,3209,31,3240,5032
2020 總統,2020,2020-01-11,總統,花蓮縣,卓溪,花蓮縣,卓溪鄉,1,宋楚瑜,余湘,親民黨,,76,2898,33,2931,4768
2020 總統,2020,2020-01-11,總統,花蓮縣,卓溪,花蓮縣,卓溪鄉,2,韓國瑜,張善政,中國國民黨,,2291,2898,33,2931,4768
2020 總統,2020,2020-01-11,總統,花蓮縣,卓溪,花蓮縣,卓溪鄉,3,蔡英文,賴清德,民主進步黨,Y,531,2898,33,2931,4768
2022 縣市長,2022,2022-11-26,縣市長,宜蘭縣,大同,宜蘭縣,大同鄉,1,林姿妙,,中國國民黨,Y,3310,3930,85,4015,4844
2022 縣市長,2022,2022-11-26,縣市長,宜蘭縣,大同,宜蘭縣,大同鄉,2,朱振東,,天一黨,,14,3930,85,4015,4844
2022 縣市長,2022,2022-11-26,縣市長,宜蘭縣,大同,宜蘭縣,大同鄉,3,許鋐哲,,無黨籍及未經政黨推薦,,23,3930,85,4015,4844
2022 縣市長,2022,2022-11-26,縣市長,宜蘭縣,大同,宜蘭縣,大同鄉,4,陳秋境,,無黨籍及未經政黨推薦,,9,3930,85,4015,4844
2022 縣市長,2022,2022-11-26,縣市長,宜蘭縣,大同,宜蘭縣,大同鄉,5,江淵,,民主進步黨,,420,3930,85,4015,4844
2022 縣市長,2022,2022-11-26,縣市長,宜蘭縣,大同,宜蘭縣,大同鄉,6,陳琬惠,,台灣民眾黨,,154,3930,85,4015,4844
2022 縣市長,2022,2022-11-26,縣市長,宜蘭縣,南澳,宜蘭縣,南澳鄉,1,林姿妙,,中國國民黨,Y,3153,3515,97,3612,4509
2022 縣市長,2022,2022-11-26,縣市長,宜蘭縣,南澳,宜蘭縣,南澳鄉,2,朱振東,,天一黨,,16,3515,97,3612,4509
2022 縣市長,2022,2022-11-26,縣市長,宜蘭縣,南澳,宜蘭縣,南澳鄉,3,許鋐哲,,無黨籍及未經政黨推薦,,14,3515,97,3612,4509
2022 縣市長,2022,2022-11-26,縣市長,宜蘭縣,南澳,宜蘭縣,南澳鄉,4,陳秋境,,無黨籍及未經政黨推薦,,10,3515,97,3612,4509
2022 縣市長,2022,2022-11-26,縣市長,宜蘭縣,南澳,宜蘭縣,南澳鄉,5,江淵,,民主進步黨,,235,3515,97,3612,4509
2022 縣市長,2022,2022-11-26,縣市長,宜蘭縣,南澳,宜蘭縣,南澳鄉,6,陳琬惠,,台灣民眾黨,,87,3515,97,3612,4509
2022 縣市長,2022,2022-11-26,縣市長,新竹縣,尖石,新竹縣,尖石鄉,1,黃秀龍,,無黨籍及未經政黨推薦,,86,5254,191,5445,7111
2022 縣市長,2022,2022-11-26,縣市長,新竹縣,尖石,新竹縣,尖石鄉,2,范振揆,,無黨籍及未經政黨推薦,,61,5254,191,5445,7111
2022 縣市長,2022,2022-11-26,縣市長,新竹縣,尖石,新竹縣,尖石鄉,3,周江杰,,民主進步黨,,749,5254,191,5445,7111
2022 縣市長,2022,2022-11-26,縣市長,新竹縣,尖石,新竹縣,尖石鄉,4,楊文科,,中國國民黨,Y,4305,5254,191,5445,7111
2022 縣市長,2022,2022-11-26,縣市長,新竹縣,尖石,新竹縣,尖石鄉,5,劉復嵐,,無黨籍及未經政黨推薦,,53,5254,191,5445,7111
2022 縣市長,2022,2022-11-26,縣市長,新竹縣,五峰,新竹縣,五峰鄉,1,黃秀龍,,無黨籍及未經政黨推薦,,31,2909,116,3025,3783
2022 縣市長,2022,2022-11-26,縣市長,新竹縣,五峰,新竹縣,五峰鄉,2,范振揆,,無黨籍及未經政黨推薦,,25,2909,116,3025,3783
2022 縣市長,2022,2022-11-26,縣市長,新竹縣,五峰,新竹縣,五峰鄉,3,周江杰,,民主進步黨,,360,2909,116,3025,3783
2022 縣市長,2022,2022-11-26,縣市長,新竹縣,五峰,新竹縣,五峰鄉,4,楊文科,,中國國民黨,Y,2477,2909,116,3025,3783
2022 縣市長,2022,2022-11-26,縣市長,新竹縣,五峰,新竹縣,五峰鄉,5,劉復嵐,,無黨籍及未經政黨推薦,,16,2909,116,3025,3783
2022 縣市長,2022,2022-11-26,縣市長,苗栗縣,泰安,苗栗縣,泰安鄉,1,鍾東錦,,無黨籍及未經政黨推薦,Y,2294,4040,153,4193,4890
2022 縣市長,2022,2022-11-26,縣市長,苗栗縣,泰安,苗栗縣,泰安鄉,2,謝福弘,,中國國民黨,,843,4040,153,4193,4890
2022 縣市長,2022,2022-11-26,縣市長,苗栗縣,泰安,苗栗縣,泰安鄉,3,吳盛聖,,無黨籍及未經政黨推薦,,52,4040,153,4193,4890
2022 縣市長,2022,2022-11-26,縣市長,苗栗縣,泰安,苗栗縣,泰安鄉,4,徐定禎,,民主進步黨,,647,4040,153,4193,4890
2022 縣市長,2022,2022-11-26,縣市長,苗栗縣,泰安,苗栗縣,泰安鄉,5,宋國鼎,,時代力量,,204,4040,153,4193,4890
2022 縣市長,2022,2022-11-26,縣市長,南投縣,信義,南投縣,信義鄉,1,蔡培慧,,民主進步黨,,2721,9078,209,9287,12536
2022 縣市長,2022,2022-11-26,縣市長,南投縣,信義,南投縣,信義鄉,2,許淑華,,中國國民黨,Y,6262,9078,209,9287,12536
2022 縣市長,2022,2022-11-26,縣市長,南投縣,信義,南投縣,信義鄉,3,王永慶,,無黨籍及未經政黨推薦,,95,9078,209,9287,12536
2022 縣市長,2022,2022-11-26,縣市長,南投縣,仁愛,南投縣,仁愛鄉,1,蔡培慧,,民主進步黨,,1833,9126,204,9330,12214
2022 縣市長,2022,2022-11-26,縣市長,南投縣,仁愛,南投縣,仁愛鄉,2,許淑華,,中國國民黨,Y,7206,9126,204,9330,12214
2022 縣市長,2022,2022-11-26,縣市長,南投縣,仁愛,南投縣,仁愛鄉,3,王永慶,,無黨籍及未經政黨推薦,,87,9126,204,9330,12214
2022 縣市長,2022,2022-11-26,縣市長,嘉義縣,阿里山,嘉義縣,阿里山鄉,1,王育敏,,中國國民黨,,702,2851,57,2908,4466
2022 縣市長,2022,2022-11-26,縣市長,嘉義縣,阿里山,嘉義縣,阿里山鄉,2,翁章梁,,民主進步黨,Y,2149,2851,57,2908,4466
2022 縣市長,2022,2022-11-26,縣市長,屏東縣,三地門,屏東縣,三地門鄉,1,詹智鈞,,時代力量,,127,5213,154,5367,6358
2022 縣市長,2022,2022-11-26,縣市長,屏東縣,三地門,屏東縣,三地門鄉,2,蘇清泉,,中國國民黨,,3195,5213,154,5367,6358
2022 縣市長,2022,2022-11-26,縣市長,屏東縣,三地門,屏東縣,三地門鄉,3,周春米,,民主進步黨,Y,1891,5213,154,5367,6358
2022 縣市長,2022,2022-11-26,縣市長,屏東縣,霧臺,屏東縣,霧臺鄉,1,詹智鈞,,時代力量,,61,2527,49,2576,2907
2022 縣市長,2022,2022-11-26,縣市長,屏東縣,霧臺,屏東縣,霧臺鄉,2,蘇清泉,,中國國民黨,,1463,2527,49,2576,2907
2022 縣市長,2022,2022-11-26,縣市長,屏東縣,霧臺,屏東縣,霧臺鄉,3,周春米,,民主進步黨,Y,1003,2527,49,2576,2907
2022 縣市長,2022,2022-11-26,縣市長,屏東縣,瑪家,屏東縣,瑪家鄉,1,詹智鈞,,時代力量,,97,4635,88,4723,5584
2022 縣市長,2022,2022-11-26,縣市長,屏東縣,瑪家,屏東縣,瑪家鄉,2,蘇清泉,,中國國民黨,,2970,4635,88,4723,5584
2022 縣市長,2022,2022-11-26,縣市長,屏東縣,瑪家,屏東縣,瑪家鄉,3,周春米,,民主進步黨,Y,1568,4635,88,4723,5584
2022 縣市長,2022,2022-11-26,縣市長,屏東縣,泰武,屏東縣,泰武鄉,1,詹智鈞,,時代力量,,53,3513,61,3574,4211
2022 縣市長,2022,2022-11-26,縣市長,屏東縣,泰武,屏東縣,泰武鄉,2,蘇清泉,,中國國民黨,,2428,3513,61,3574,4211
2022 縣市長,2022,2022-11-26,縣市長,屏東縣,泰武,屏東縣,泰武鄉,3,周春米,,民主進步黨,Y,1032,3513,61,3574,4211
2022 縣市長,2022,2022-11-26,縣市長,屏東縣,來義,屏東縣,來義鄉,1,詹智鈞,,時代力量,,102,4844,104,4948,6088
2022 縣市長,2022,2022-11-26,縣市長,屏東縣,來義,屏東縣,來義鄉,2,蘇清泉,,中國國民黨,,2961,4844,104,4948,6088
2022 縣市長,2022,2022-11-26,縣市長,屏東縣,來義,屏東縣,來義鄉,3,周春米,,民主進步黨,Y,1781,4844,104,4948,6088
2022 縣市長,2022,2022-11-26,縣市長,屏東縣,春日,屏東縣,春日鄉,1,詹智鈞,,時代力量,,51,2988,101,3089,3846
2022 縣市長,2022,2022-11-26,縣市長,屏東縣,春日,屏東縣,春日鄉,2,蘇清泉,,中國國民黨,,1958,2988,101,3089,3846
2022 縣市長,2022,2022-11-26,縣市長,屏東縣,春日,屏東縣,春日鄉,3,周春米,,民主進步黨,Y,979,2988,101,3089,3846
2022 縣市長,2022,2022-11-26,縣市長,屏東縣,獅子,屏東縣,獅子鄉,1,詹智鈞,,時代力量,,63,3210,94,3304,4081
2022 縣市長,2022,2022-11-26,縣市長,屏東縣,獅子,屏東縣,獅子鄉,2,蘇清泉,,中國國民黨,,2256,3210,94,3304,4081
2022 縣市長,2022,2022-11-26,縣市長,屏東縣,獅子,屏東縣,獅子鄉,3,周春米,,民主進步黨,Y,891,3210,94,3304,4081
2022 縣市長,2022,2022-11-26,縣市長,屏東縣,牡丹,屏東縣,牡丹鄉,1,詹智鈞,,時代力量,,58,2980,144,3124,4057
2022 縣市長,2022,2022-11-26,縣市長,屏東縣,牡丹,屏東縣,牡丹鄉,2,蘇清泉,,中國國民黨,,1852,2980,144,3124,4057
2022 縣市長,2022,2022-11-26,縣市長,屏東縣,牡丹,屏東縣,牡丹鄉,3,周春米,,民主進步黨,Y,1070,2980,144,3124,4057
2022 縣市長,2022,2022-11-26,縣市長,臺東縣,海端,臺東縣,海端鄉,1,陳長宏,,無黨籍及未經政黨推薦,,24,2163,43,2206,3200
2022 縣市長,2022,2022-11-26,縣市長,臺東縣,海端,臺東縣,海端鄉,2,饒慶鈴,,中國國民黨,Y,1616,2163,43,2206,3200
2022 縣市長,2022,2022-11-26,縣市長,臺東縣,海端,臺東縣,海端鄉,3,劉櫂豪,,民主進步黨,,523,2163,43,2206,3200
2022 縣市長,2022,2022-11-26,縣市長,臺東縣,延平,臺東縣,延平鄉,1,陳長宏,,無黨籍及未經政黨推薦,,27,2160,81,2241,2865
2022 縣市長,2022,2022-11-26,縣市長,臺東縣,延平,臺東縣,延平鄉,2,饒慶鈴,,中國國民黨,Y,1580,2160,81,2241,2865
2022 縣市長,2022,2022-11-26,縣市長,臺東縣,延平,臺東縣,延平鄉,3,劉櫂豪,,民主進步黨,,553,2160,81,2241,2865
2022 縣市長,2022,2022-11-26,縣市長,臺東縣,金峰,臺東縣,金峰鄉,1,陳長宏,,無黨籍及未經政黨推薦,,16,2474,29,2503,2958
2022 縣市長,2022,2022-11-26,縣市長,臺東縣,金峰,臺東縣,金峰鄉,2,饒慶鈴,,中國國民黨,Y,1804,2474,29,2503,2958
2022 縣市長,2022,2022-11-26,縣市長,臺東縣,金峰,臺東縣,金峰鄉,3,劉櫂豪,,民主進步黨,,654,2474,29,2503,2958
2022 縣市長,2022,2022-11-26,縣市長,臺東縣,達仁,臺東縣,達仁鄉,1,陳長宏,,無黨籍及未經政黨推薦,,44,2381,44,2425,2987
2022 縣市長,2022,2022-11-26,縣市長,臺東縣,達仁,臺東縣,達仁鄉,2,饒慶鈴,,中國國民黨,Y,1675,2381,44,2425,2987
2022 縣市長,2022,2022-11-26,縣市長,臺東縣,達仁,臺東縣,達仁鄉,3,劉櫂豪,,民主進步黨,,662,2381,44,2425,2987
2022 縣市長,2022,2022-11-26,縣市長,臺東縣,蘭嶼,臺東縣,蘭嶼鄉,1,陳長宏,,無黨籍及未經政黨推薦,,70,2103,216,2319,4219
2022 縣市長,2022,2022-11-26,縣市長,臺東縣,蘭嶼,臺東縣,蘭嶼鄉,2,饒慶鈴,,中國國民黨,Y,1338,2103,216,2319,4219
2022 縣市長,2022,2022-11-26,縣市長,臺東縣,蘭嶼,臺東縣,蘭嶼鄉,3,劉櫂豪,,民主進步黨,,695,2103,216,2319,4219
2022 縣市長,2022,2022-11-26,縣市長,花蓮縣,秀林,花蓮縣,秀林鄉,1,徐榛蔚,,中國國民黨,Y,6483,9206,216,9422,13008
2022 縣市長,2022,2022-11-26,縣市長,花蓮縣,秀林,花蓮縣,秀林鄉,2,黄師鵬,,無黨籍及未經政黨推薦,,95,9206,216,9422,13008
2022 縣市長,2022,2022-11-26,縣市長,花蓮縣,秀林,花蓮縣,秀林鄉,3,谷辣斯．尤達卡 Kolas Yotaka,,民主進步黨,,2628,9206,216,9422,13008
2022 縣市長,2022,2022-11-26,縣市長,花蓮縣,萬榮,花蓮縣,萬榮鄉,1,徐榛蔚,,中國國民黨,Y,2778,3540,74,3614,4938
2022 縣市長,2022,2022-11-26,縣市長,花蓮縣,萬榮,花蓮縣,萬榮鄉,2,黄師鵬,,無黨籍及未經政黨推薦,,31,3540,74,3614,4938
2022 縣市長,2022,2022-11-26,縣市長,花蓮縣,萬榮,花蓮縣,萬榮鄉,3,谷辣斯．尤達卡 Kolas Yotaka,,民主進步黨,,731,3540,74,3614,4938
2022 縣市長,2022,2022-11-26,縣市長,花蓮縣,卓溪,花蓮縣,卓溪鄉,1,徐榛蔚,,中國國民黨,Y,2644,3393,100,3493,4742
2022 縣市長,2022,2022-11-26,縣市長,花蓮縣,卓溪,花蓮縣,卓溪鄉,2,黄師鵬,,無黨籍及未經政黨推薦,,30,3393,100,3493,4742
2022 縣市長,2022,2022-11-26,縣市長,花蓮縣,卓溪,花蓮縣,卓溪鄉,3,谷辣斯．尤達卡 Kolas Yotaka,,民主進步黨,,719,3393,100,3493,4742
2022 縣市長,2022,2022-11-26,縣市長,高雄市,茂林,高雄市,茂林區,1,鄭宇翔,,無黨籍及未經政黨推薦,,9,1412,36,1448,1594
2022 縣市長,2022,2022-11-26,縣市長,高雄市,茂林,高雄市,茂林區,2,曾尹儷,,無黨籍及未經政黨推薦,,14,1412,36,1448,1594
2022 縣市長,2022,2022-11-26,縣市長,高雄市,茂林,高雄市,茂林區,3,柯志恩,,中國國民黨,,860,1412,36,1448,1594
2022 縣市長,2022,2022-11-26,縣市長,高雄市,茂林,高雄市,茂林區,4,陳其邁,,民主進步黨,Y,529,1412,36,1448,1594
2022 縣市長,2022,2022-11-26,縣市長,高雄市,桃源,高雄市,桃源區,1,鄭宇翔,,無黨籍及未經政黨推薦,,25,2655,93,2748,3404
2022 縣市長,2022,2022-11-26,縣市長,高雄市,桃源,高雄市,桃源區,2,曾尹儷,,無黨籍及未經政黨推薦,,45,2655,93,2748,3404
2022 縣市長,2022,2022-11-26,縣市長,高雄市,桃源,高雄市,桃源區,3,柯志恩,,中國國民黨,,1651,2655,93,2748,3404
2022 縣市長,2022,2022-11-26,縣市長,高雄市,桃源,高雄市,桃源區,4,陳其邁,,民主進步黨,Y,934,2655,93,2748,3404
2022 縣市長,2022,2022-11-26,縣市長,高雄市,那瑪夏,高雄市,那瑪夏區,1,鄭宇翔,,無黨籍及未經政黨推薦,,24,1988,60,2048,2421
2022 縣市長,2022,2022-11-26,縣市長,高雄市,那瑪夏,高雄市,那瑪夏區,2,曾尹儷,,無黨籍及未經政黨推薦,,21,1988,60,2048,2421
2022 縣市長,2022,2022-11-26,縣市長,高雄市,那瑪夏,高雄市,那瑪夏區,3,柯志恩,,中國國民黨,,1133,1988,60,2048,2421
2022 縣市長,2022,2022-11-26,縣市長,高雄市,那瑪夏,高雄市,那瑪夏區,4,陳其邁,,民主進步黨,Y,810,1988,60,2048,2421
2022 縣市長,2022,2022-11-26,縣市長,新北市,烏來,新北市,烏來區,1,林佳龍,,民主進步黨,,951,3597,84,3681,5114
2022 縣市長,2022,2022-11-26,縣市長,新北市,烏來,新北市,烏來區,2,侯友宜,,中國國民黨,Y,2646,3597,84,3681,5114
2022 縣市長,2022,2022-11-26,縣市長,臺中市,和平,臺中市,和平區,1,陳美妃,,無黨籍及未經政黨推薦,,86,6483,132,6615,9286
2022 縣市長,2022,2022-11-26,縣市長,臺中市,和平,臺中市,和平區,2,蔡其昌,,民主進步黨,,1434,6483,132,6615,9286
2022 縣市長,2022,2022-11-26,縣市長,臺中市,和平,臺中市,和平區,3,盧秀燕,,中國國民黨,Y,4963,6483,132,6615,9286
2022 縣市長,2022,2022-11-26,縣市長,桃園市,復興,桃園市,復興區,1,張善政,,中國國民黨,Y,4912,7055,187,7242,10124
2022 縣市長,2022,2022-11-26,縣市長,桃園市,復興,桃園市,復興區,2,賴香伶,,台灣民眾黨,,258,7055,187,7242,10124
2022 縣市長,2022,2022-11-26,縣市長,桃園市,復興,桃園市,復興區,3,鄭運鵬,,民主進步黨,,1723,7055,187,7242,10124
2022 縣市長,2022,2022-11-26,縣市長,桃園市,復興,桃園市,復興區,4,鄭寶清,,無黨籍及未經政黨推薦,,162,7055,187,7242,10124
2024 總統,2024,2024-01-13,總統,新北市,烏來,新北市,烏來區,1,柯文哲,吳欣盈,台灣民眾黨,,859,3505,26,3531,5128
2024 總統,2024,2024-01-13,總統,新北市,烏來,新北市,烏來區,2,賴清德,蕭美琴,民主進步黨,Y,1042,3505,26,3531,5128
2024 總統,2024,2024-01-13,總統,新北市,烏來,新北市,烏來區,3,侯友宜,趙少康,中國國民黨,,1604,3505,26,3531,5128
2024 總統,2024,2024-01-13,總統,桃園市,復興,桃園市,復興區,1,柯文哲,吳欣盈,台灣民眾黨,,1666,6322,58,6380,10335
2024 總統,2024,2024-01-13,總統,桃園市,復興,桃園市,復興區,2,賴清德,蕭美琴,民主進步黨,Y,1434,6322,58,6380,10335
2024 總統,2024,2024-01-13,總統,桃園市,復興,桃園市,復興區,3,侯友宜,趙少康,中國國民黨,,3222,6322,58,6380,10335
2024 總統,2024,2024-01-13,總統,臺中市,和平,臺中市,和平區,1,柯文哲,吳欣盈,台灣民眾黨,,1479,6105,42,6147,9297
2024 總統,2024,2024-01-13,總統,臺中市,和平,臺中市,和平區,2,賴清德,蕭美琴,民主進步黨,Y,1429,6105,42,6147,9297
2024 總統,2024,2024-01-13,總統,臺中市,和平,臺中市,和平區,3,侯友宜,趙少康,中國國民黨,,3197,6105,42,6147,9297
2024 總統,2024,2024-01-13,總統,高雄市,茂林,高雄市,茂林區,1,柯文哲,吳欣盈,台灣民眾黨,,310,1152,8,1160,1562
2024 總統,2024,2024-01-13,總統,高雄市,茂林,高雄市,茂林區,2,賴清德,蕭美琴,民主進步黨,Y,182,1152,8,1160,1562
2024 總統,2024,2024-01-13,總統,高雄市,茂林,高雄市,茂林區,3,侯友宜,趙少康,中國國民黨,,660,1152,8,1160,1562
2024 總統,2024,2024-01-13,總統,高雄市,桃源,高雄市,桃源區,1,柯文哲,吳欣盈,台灣民眾黨,,494,2020,17,2037,3390
2024 總統,2024,2024-01-13,總統,高雄市,桃源,高雄市,桃源區,2,賴清德,蕭美琴,民主進步黨,Y,340,2020,17,2037,3390
2024 總統,2024,2024-01-13,總統,高雄市,桃源,高雄市,桃源區,3,侯友宜,趙少康,中國國民黨,,1186,2020,17,2037,3390
2024 總統,2024,2024-01-13,總統,高雄市,那瑪夏,高雄市,那瑪夏區,1,柯文哲,吳欣盈,台灣民眾黨,,283,1482,7,1489,2416
2024 總統,2024,2024-01-13,總統,高雄市,那瑪夏,高雄市,那瑪夏區,2,賴清德,蕭美琴,民主進步黨,Y,277,1482,7,1489,2416
2024 總統,2024,2024-01-13,總統,高雄市,那瑪夏,高雄市,那瑪夏區,3,侯友宜,趙少康,中國國民黨,,922,1482,7,1489,2416
2024 總統,2024,2024-01-13,總統,宜蘭縣,大同,宜蘭縣,大同鄉,1,柯文哲,吳欣盈,台灣民眾黨,,807,3233,20,3253,4806
2024 總統,2024,2024-01-13,總統,宜蘭縣,大同,宜蘭縣,大同鄉,2,賴清德,蕭美琴,民主進步黨,Y,489,3233,20,3253,4806
2024 總統,2024,2024-01-13,總統,宜蘭縣,大同,宜蘭縣,大同鄉,3,侯友宜,趙少康,中國國民黨,,1937,3233,20,3253,4806
2024 總統,2024,2024-01-13,總統,宜蘭縣,南澳,宜蘭縣,南澳鄉,1,柯文哲,吳欣盈,台灣民眾黨,,696,2944,19,2963,4576
2024 總統,2024,2024-01-13,總統,宜蘭縣,南澳,宜蘭縣,南澳鄉,2,賴清德,蕭美琴,民主進步黨,Y,271,2944,19,2963,4576
2024 總統,2024,2024-01-13,總統,宜蘭縣,南澳,宜蘭縣,南澳鄉,3,侯友宜,趙少康,中國國民黨,,1977,2944,19,2963,4576
2024 總統,2024,2024-01-13,總統,新竹縣,尖石,新竹縣,尖石鄉,1,柯文哲,吳欣盈,台灣民眾黨,,1240,4343,37,4380,7171
2024 總統,2024,2024-01-13,總統,新竹縣,尖石,新竹縣,尖石鄉,2,賴清德,蕭美琴,民主進步黨,Y,750,4343,37,4380,7171
2024 總統,2024,2024-01-13,總統,新竹縣,尖石,新竹縣,尖石鄉,3,侯友宜,趙少康,中國國民黨,,2353,4343,37,4380,7171
2024 總統,2024,2024-01-13,總統,新竹縣,五峰,新竹縣,五峰鄉,1,柯文哲,吳欣盈,台灣民眾黨,,554,2352,18,2370,3713
2024 總統,2024,2024-01-13,總統,新竹縣,五峰,新竹縣,五峰鄉,2,賴清德,蕭美琴,民主進步黨,Y,394,2352,18,2370,3713
2024 總統,2024,2024-01-13,總統,新竹縣,五峰,新竹縣,五峰鄉,3,侯友宜,趙少康,中國國民黨,,1404,2352,18,2370,3713
2024 總統,2024,2024-01-13,總統,苗栗縣,泰安,苗栗縣,泰安鄉,1,柯文哲,吳欣盈,台灣民眾黨,,715,3330,28,3358,4825
2024 總統,2024,2024-01-13,總統,苗栗縣,泰安,苗栗縣,泰安鄉,2,賴清德,蕭美琴,民主進步黨,Y,473,3330,28,3358,4825
2024 總統,2024,2024-01-13,總統,苗栗縣,泰安,苗栗縣,泰安鄉,3,侯友宜,趙少康,中國國民黨,,2142,3330,28,3358,4825
2024 總統,2024,2024-01-13,總統,南投縣,信義,南投縣,信義鄉,1,柯文哲,吳欣盈,台灣民眾黨,,2004,8039,66,8105,12488
2024 總統,2024,2024-01-13,總統,南投縣,信義,南投縣,信義鄉,2,賴清德,蕭美琴,民主進步黨,Y,2018,8039,66,8105,12488
2024 總統,2024,2024-01-13,總統,南投縣,信義,南投縣,信義鄉,3,侯友宜,趙少康,中國國民黨,,4017,8039,66,8105,12488
2024 總統,2024,2024-01-13,總統,南投縣,仁愛,南投縣,仁愛鄉,1,柯文哲,吳欣盈,台灣民眾黨,,1903,7668,61,7729,12210
2024 總統,2024,2024-01-13,總統,南投縣,仁愛,南投縣,仁愛鄉,2,賴清德,蕭美琴,民主進步黨,Y,1009,7668,61,7729,12210
2024 總統,2024,2024-01-13,總統,南投縣,仁愛,南投縣,仁愛鄉,3,侯友宜,趙少康,中國國民黨,,4756,7668,61,7729,12210
2024 總統,2024,2024-01-13,總統,嘉義縣,阿里山,嘉義縣,阿里山鄉,1,柯文哲,吳欣盈,台灣民眾黨,,624,2805,19,2824,4470
2024 總統,2024,2024-01-13,總統,嘉義縣,阿里山,嘉義縣,阿里山鄉,2,賴清德,蕭美琴,民主進步黨,Y,631,2805,19,2824,4470
2024 總統,2024,2024-01-13,總統,嘉義縣,阿里山,嘉義縣,阿里山鄉,3,侯友宜,趙少康,中國國民黨,,1550,2805,19,2824,4470
2024 總統,2024,2024-01-13,總統,屏東縣,三地門,屏東縣,三地門鄉,1,柯文哲,吳欣盈,台灣民眾黨,,1095,4706,36,4742,6363
2024 總統,2024,2024-01-13,總統,屏東縣,三地門,屏東縣,三地門鄉,2,賴清德,蕭美琴,民主進步黨,Y,849,4706,36,4742,6363
2024 總統,2024,2024-01-13,總統,屏東縣,三地門,屏東縣,三地門鄉,3,侯友宜,趙少康,中國國民黨,,2762,4706,36,4742,6363
2024 總統,2024,2024-01-13,總統,屏東縣,霧臺,屏東縣,霧臺鄉,1,柯文哲,吳欣盈,台灣民眾黨,,452,2198,18,2216,2836
2024 總統,2024,2024-01-13,總統,屏東縣,霧臺,屏東縣,霧臺鄉,2,賴清德,蕭美琴,民主進步黨,Y,457,2198,18,2216,2836
2024 總統,2024,2024-01-13,總統,屏東縣,霧臺,屏東縣,霧臺鄉,3,侯友宜,趙少康,中國國民黨,,1289,2198,18,2216,2836
2024 總統,2024,2024-01-13,總統,屏東縣,瑪家,屏東縣,瑪家鄉,1,柯文哲,吳欣盈,台灣民眾黨,,1101,4263,17,4280,5589
2024 總統,2024,2024-01-13,總統,屏東縣,瑪家,屏東縣,瑪家鄉,2,賴清德,蕭美琴,民主進步黨,Y,720,4263,17,4280,5589
2024 總統,2024,2024-01-13,總統,屏東縣,瑪家,屏東縣,瑪家鄉,3,侯友宜,趙少康,中國國民黨,,2442,4263,17,4280,5589
2024 總統,2024,2024-01-13,總統,屏東縣,泰武,屏東縣,泰武鄉,1,柯文哲,吳欣盈,台灣民眾黨,,858,3217,20,3237,4224
2024 總統,2024,2024-01-13,總統,屏東縣,泰武,屏東縣,泰武鄉,2,賴清德,蕭美琴,民主進步黨,Y,518,3217,20,3237,4224
2024 總統,2024,2024-01-13,總統,屏東縣,泰武,屏東縣,泰武鄉,3,侯友宜,趙少康,中國國民黨,,1841,3217,20,3237,4224
2024 總統,2024,2024-01-13,總統,屏東縣,來義,屏東縣,來義鄉,1,柯文哲,吳欣盈,台灣民眾黨,,1129,4505,29,4534,6076
2024 總統,2024,2024-01-13,總統,屏東縣,來義,屏東縣,來義鄉,2,賴清德,蕭美琴,民主進步黨,Y,678,4505,29,4534,6076
2024 總統,2024,2024-01-13,總統,屏東縣,來義,屏東縣,來義鄉,3,侯友宜,趙少康,中國國民黨,,2698,4505,29,4534,6076
2024 總統,2024,2024-01-13,總統,屏東縣,春日,屏東縣,春日鄉,1,柯文哲,吳欣盈,台灣民眾黨,,707,2665,24,2689,3884
2024 總統,2024,2024-01-13,總統,屏東縣,春日,屏東縣,春日鄉,2,賴清德,蕭美琴,民主進步黨,Y,331,2665,24,2689,3884
2024 總統,2024,2024-01-13,總統,屏東縣,春日,屏東縣,春日鄉,3,侯友宜,趙少康,中國國民黨,,1627,2665,24,2689,3884
2024 總統,2024,2024-01-13,總統,屏東縣,獅子,屏東縣,獅子鄉,1,柯文哲,吳欣盈,台灣民眾黨,,648,2772,17,2789,4059
2024 總統,2024,2024-01-13,總統,屏東縣,獅子,屏東縣,獅子鄉,2,賴清德,蕭美琴,民主進步黨,Y,349,2772,17,2789,4059
2024 總統,2024,2024-01-13,總統,屏東縣,獅子,屏東縣,獅子鄉,3,侯友宜,趙少康,中國國民黨,,1775,2772,17,2789,4059
2024 總統,2024,2024-01-13,總統,屏東縣,牡丹,屏東縣,牡丹鄉,1,柯文哲,吳欣盈,台灣民眾黨,,582,2577,14,2591,3993
2024 總統,2024,2024-01-13,總統,屏東縣,牡丹,屏東縣,牡丹鄉,2,賴清德,蕭美琴,民主進步黨,Y,455,2577,14,2591,3993
2024 總統,2024,2024-01-13,總統,屏東縣,牡丹,屏東縣,牡丹鄉,3,侯友宜,趙少康,中國國民黨,,1540,2577,14,2591,3993
2024 總統,2024,2024-01-13,總統,臺東縣,海端,臺東縣,海端鄉,1,柯文哲,吳欣盈,台灣民眾黨,,411,1835,23,1858,3284
2024 總統,2024,2024-01-13,總統,臺東縣,海端,臺東縣,海端鄉,2,賴清德,蕭美琴,民主進步黨,Y,211,1835,23,1858,3284
2024 總統,2024,2024-01-13,總統,臺東縣,海端,臺東縣,海端鄉,3,侯友宜,趙少康,中國國民黨,,1213,1835,23,1858,3284
2024 總統,2024,2024-01-13,總統,臺東縣,延平,臺東縣,延平鄉,1,柯文哲,吳欣盈,台灣民眾黨,,414,1822,14,1836,2853
2024 總統,2024,2024-01-13,總統,臺東縣,延平,臺東縣,延平鄉,2,賴清德,蕭美琴,民主進步黨,Y,236,1822,14,1836,2853
2024 總統,2024,2024-01-13,總統,臺東縣,延平,臺東縣,延平鄉,3,侯友宜,趙少康,中國國民黨,,1172,1822,14,1836,2853
2024 總統,2024,2024-01-13,總統,臺東縣,金峰,臺東縣,金峰鄉,1,柯文哲,吳欣盈,台灣民眾黨,,494,2098,8,2106,2983
2024 總統,2024,2024-01-13,總統,臺東縣,金峰,臺東縣,金峰鄉,2,賴清德,蕭美琴,民主進步黨,Y,169,2098,8,2106,2983
2024 總統,2024,2024-01-13,總統,臺東縣,金峰,臺東縣,金峰鄉,3,侯友宜,趙少康,中國國民黨,,1435,2098,8,2106,2983
2024 總統,2024,2024-01-13,總統,臺東縣,達仁,臺東縣,達仁鄉,1,柯文哲,吳欣盈,台灣民眾黨,,377,1849,18,1867,2941
2024 總統,2024,2024-01-13,總統,臺東縣,達仁,臺東縣,達仁鄉,2,賴清德,蕭美琴,民主進步黨,Y,207,1849,18,1867,2941
2024 總統,2024,2024-01-13,總統,臺東縣,達仁,臺東縣,達仁鄉,3,侯友宜,趙少康,中國國民黨,,1265,1849,18,1867,2941
2024 總統,2024,2024-01-13,總統,臺東縣,蘭嶼,臺東縣,蘭嶼鄉,1,柯文哲,吳欣盈,台灣民眾黨,,395,1519,24,1543,4306
2024 總統,2024,2024-01-13,總統,臺東縣,蘭嶼,臺東縣,蘭嶼鄉,2,賴清德,蕭美琴,民主進步黨,Y,370,1519,24,1543,4306
2024 總統,2024,2024-01-13,總統,臺東縣,蘭嶼,臺東縣,蘭嶼鄉,3,侯友宜,趙少康,中國國民黨,,754,1519,24,1543,4306
2024 總統,2024,2024-01-13,總統,花蓮縣,秀林,花蓮縣,秀林鄉,1,柯文哲,吳欣盈,台灣民眾黨,,2489,8550,97,8647,13376
2024 總統,2024,2024-01-13,總統,花蓮縣,秀林,花蓮縣,秀林鄉,2,賴清德,蕭美琴,民主進步黨,Y,1258,8550,97,8647,13376
2024 總統,2024,2024-01-13,總統,花蓮縣,秀林,花蓮縣,秀林鄉,3,侯友宜,趙少康,中國國民黨,,4803,8550,97,8647,13376
2024 總統,2024,2024-01-13,總統,花蓮縣,萬榮,花蓮縣,萬榮鄉,1,柯文哲,吳欣盈,台灣民眾黨,,754,2991,34,3025,4956
2024 總統,2024,2024-01-13,總統,花蓮縣,萬榮,花蓮縣,萬榮鄉,2,賴清德,蕭美琴,民主進步黨,Y,351,2991,34,3025,4956
2024 總統,2024,2024-01-13,總統,花蓮縣,萬榮,花蓮縣,萬榮鄉,3,侯友宜,趙少康,中國國民黨,,1886,2991,34,3025,4956
2024 總統,2024,2024-01-13,總統,花蓮縣,卓溪,花蓮縣,卓溪鄉,1,柯文哲,吳欣盈,台灣民眾黨,,627,2750,32,2782,4725
2024 總統,2024,2024-01-13,總統,花蓮縣,卓溪,花蓮縣,卓溪鄉,2,賴清德,蕭美琴,民主進步黨,Y,264,2750,32,2782,4725
2024 總統,2024,2024-01-13,總統,花蓮縣,卓溪,花蓮縣,卓溪鄉,3,侯友宜,趙少康,中國國民黨,,1859,2750,32,2782,4725
