選舉名稱,屆期,縣市,鄉鎮市區,村里,選區,號次,候選人,政黨,得票數,當選註記
2024年總統副總統選舉,2024,臺北市,松山區,莊敬里,2024年總統副總統選舉,1,柯文哲,台灣民眾黨,757,
2024年總統副總統選舉,2024,臺北市,松山區,莊敬里,2024年總統副總統選舉,2,賴清德,民主進步黨,1081,*
2024年總統副總統選舉,2024,臺北市,松山區,莊敬里,2024年總統副總統選舉,3,侯友宜,中國國民黨,1298,
2024年總統副總統選舉,2024,臺北市,松山區,東榮里,2024年總統副總統選舉,1,柯文哲,台灣民眾黨,990,
2024年總統副總統選舉,2024,臺北市,松山區,東榮里,2024年總統副總統選舉,2,賴清德,民主進步黨,1988,*
2024年總統副總統選舉,2024,臺北市,松山區,東榮里,2024年總統副總統選舉,3,侯友宜,中國國民黨,1811,
2024年總統副總統選舉,2024,臺北市,松山區,三民里,2024年總統副總統選舉,1,柯文哲,台灣民眾黨,810,
2024年總統副總統選舉,2024,臺北市,松山區,三民里,2024年總統副總統選舉,2,賴清德,民主進步黨,1532,*
2024年總統副總統選舉,2024,臺北市,松山區,三民里,2024年總統副總統選舉,3,侯友宜,中國國民黨,1754,
2024年總統副總統選舉,2024,臺北市,松山區,新益里,2024年總統副總統選舉,1,柯文哲,台灣民眾黨,645,
2024年總統副總統選舉,2024,臺北市,松山區,新益里,2024年總統副總統選舉,2,賴清德,民主進步黨,1140,*
2024年總統副總統選舉,2024,臺北市,松山區,新益里,2024年總統副總統選舉,3,侯友宜,中國國民黨,1129,
2024年總統副總統選舉,2024,臺北市,松山區,富錦里,2024年總統副總統選舉,1,柯文哲,台灣民眾黨,701,
2024年總統副總統選舉,2024,臺北市,松山區,富錦里,2024年總統副總統選舉,2,賴清德,民主進步黨,1154,*
2024年總統副總統選舉,2024,臺北市,松山區,富錦里,2024年總統副總統選舉,3,侯友宜,中國國民黨,1255,
2024年總統副總統選舉,2024,臺北市,松山區,新東里,2024年總統副總統選舉,1,柯文哲,台灣民眾黨,699,
2024年總統副總統選舉,2024,臺北市,松山區,新東里,2024年總統副總統選舉,2,賴清德,民主進步黨,1160,*
2024年總統副總統選舉,2024,臺北市,松山區,新東里,2024年總統副總統選舉,3,侯友宜,中國國民黨,1216,
2024年總統副總統選舉,2024,臺北市,松山區,富泰里,2024年總統副總統選舉,1,柯文哲,台灣民眾黨,628,
2024年總統副總統選舉,2024,臺北市,松山區,富泰里,2024年總統副總統選舉,2,賴清德,民主進步黨,926,*
2024年總統副總統選舉,2024,臺北市,松山區,富泰里,2024年總統副總統選舉,3,侯友宜,中國國民黨,1215,
2024年總統副總統選舉,2024,臺北市,松山區,介壽里,2024年總統副總統選舉,1,柯文哲,台灣民眾黨,539,
2024年總統副總統選舉,2024,臺北市,松山區,介壽里,2024年總統副總統選舉,2,賴清德,民主進步黨,1085,*
2024年總統副總統選舉,2024,臺北市,松山區,介壽里,2024年總統副總統選舉,3,侯友宜,中國國民黨,976,
2024年總統副總統選舉,2024,臺北市,松山區,精忠里,2024年總統副總統選舉,1,柯文哲,台灣民眾黨,515,
2024年總統副總統選舉,2024,臺北市,松山區,精忠里,2024年總統副總統選舉,2,賴清德,民主進步黨,966,*
2024年總統副總統選舉,2024,臺北市,松山區,精忠里,2024年總統副總統選舉,3,侯友宜,中國國民黨,1080,
2024年總統副總統選舉,2024,臺北市,松山區,東光里,2024年總統副總統選舉,1,柯文哲,台灣民眾黨,903,
2024年總統副總統選舉,2024,臺北市,松山區,東光里,2024年總統副總統選舉,2,賴清德,民主進步黨,1551,*
2024年總統副總統選舉,2024,臺北市,松山區,東光里,2024年總統副總統選舉,3,侯友宜,中國國民黨,1838,
2024年總統副總統選舉,2024,臺北市,松山區,龍田里,2024年總統副總統選舉,1,柯文哲,台灣民眾黨,1464,
2024年總統副總統選舉,2024,臺北市,松山區,龍田里,2024年總統副總統選舉,2,賴清德,民主進步黨,1807,*
2024年總統副總統選舉,2024,臺北市,松山區,龍田里,2024年總統副總統選舉,3,侯友宜,中國國民黨,3070,
2024年總統副總統選舉,2024,臺北市,松山區,東昌里,2024年總統副總統選舉,1,柯文哲,台灣民眾黨,335,
2024年總統副總統選舉,2024,臺北市,松山區,東昌里,2024年總統副總統選舉,2,賴清德,民主進步黨,655,*
2024年總統副總統選舉,2024,臺北市,松山區,東昌里,2024年總統副總統選舉,3,侯友宜,中國國民黨,548,
2024年總統副總統選舉,2024,臺北市,松山區,東勢里,2024年總統副總統選舉,1,柯文哲,台灣民眾黨,557,
2024年總統副總統選舉,2024,臺北市,松山區,東勢里,2024年總統副總統選舉,2,賴清德,民主進步黨,1058,*
2024年總統副總統選舉,2024,臺北市,松山區,東勢里,2024年總統副總統選舉,3,侯友宜,中國國民黨,965,
2024年總統副總統選舉,2024,臺北市,松山區,中華里,2024年總統副總統選舉,1,柯文哲,台灣民眾黨,811,
2024年總統副總統選舉,2024,臺北市,松山區,中華里,2024年總統副總統選舉,2,賴清德,民主進步黨,1391,*
2024年總統副總統選舉,2024,臺北市,松山區,中華里,2024年總統副總統選舉,3,侯友宜,中國國民黨,1584,
2024年總統副總統選舉,2024,臺北市,松山區,民有里,2024年總統副總統選舉,1,柯文哲,台灣民眾黨,1040,
2024年總統副總統選舉,2024,臺北市,松山區,民有里,2024年總統副總統選舉,2,賴清德,民主進步黨,2378,*
2024年總統副總統選舉,2024,臺北市,松山區,民有里,2024年總統副總統選舉,3,侯友宜,中國國民黨,2016,
2024年總統副總統選舉,2024,臺北市,松山區,民福里,2024年總統副總統選舉,1,柯文哲,台灣民眾黨,835,
2024年總統副總統選舉,2024,臺北市,松山區,民福里,2024年總統副總統選舉,2,賴清德,民主進步黨,1301,*
2024年總統副總統選舉,2024,臺北市,松山區,民福里,2024年總統副總統選舉,3,侯友宜,中國國民黨,1746,
2024年總統副總統選舉,2024,臺北市,松山區,慈祐里,2024年總統副總統選舉,1,柯文哲,台灣民眾黨,1154,
2024年總統副總統選舉,2024,臺北市,松山區,慈祐里,2024年總統副總統選舉,2,賴清德,民主進步黨,1850,*
2024年總統副總統選舉,2024,臺北市,松山區,慈祐里,2024年總統副總統選舉,3,侯友宜,中國國民黨,1517,
2024年總統副總統選舉,2024,臺北市,松山區,安平里,2024年總統副總統選舉,1,柯文哲,台灣民眾黨,1225,
2024年總統副總統選舉,2024,臺北市,松山區,安平里,2024年總統副總統選舉,2,賴清德,民主進步黨,1987,*
2024年總統副總統選舉,2024,臺北市,松山區,安平里,2024年總統副總統選舉,3,侯友宜,中國國民黨,1842,
2024年總統副總統選舉,2024,臺北市,松山區,鵬程里,2024年總統副總統選舉,1,柯文哲,台灣民眾黨,718,
2024年總統副總統選舉,2024,臺北市,松山區,鵬程里,2024年總統副總統選舉,2,賴清德,民主進步黨,993,*
2024年總統副總統選舉,2024,臺北市,松山區,鵬程里,2024年總統副總統選舉,3,侯友宜,中國國民黨,1327,
2024年總統副總統選舉,2024,臺北市,松山區,自強里,2024年總統副總統選舉,1,柯文哲,台灣民眾黨,1226,
2024年總統副總統選舉,2024,臺北市,松山區,自強里,2024年總統副總統選舉,2,賴清德,民主進步黨,1165,*
2024年總統副總統選舉,2024,臺北市,松山區,自強里,2024年總統副總統選舉,3,侯友宜,中國國民黨,3219,
2024年總統副總統選舉,2024,臺北市,松山區,吉祥里,2024年總統副總統選舉,1,柯文哲,台灣民眾黨,1069,
2024年總統副總統選舉,2024,臺北市,松山區,吉祥里,2024年總統副總統選舉,2,賴清德,民主進步黨,1852,*
2024年總統副總統選舉,2024,臺北市,松山區,吉祥里,2024年總統副總統選舉,3,侯友宜,中國國民黨,2011,
2024年總統副總統選舉,2024,臺北市,松山區,新聚里,2024年總統副總統選舉,1,柯文哲,台灣民眾黨,1168,
2024年總統副總統選舉,2024,臺北市,松山區,新聚里,2024年總統副總統選舉,2,賴清德,民主進步黨,1877,*
2024年總統副總統選舉,2024,臺北市,松山區,新聚里,2024年總統副總統選舉,3,侯友宜,中國國民黨,1744,
2024年總統副總統選舉,2024,臺北市,松山區,復盛里,2024年總統副總統選舉,1,柯文哲,台灣民眾黨,839,
2024年總統副總統選舉,2024,臺北市,松山區,復盛里,2024年總統副總統選舉,2,賴清德,民主進步黨,1364,*
2024年總統副總統選舉,2024,臺北市,松山區,復盛里,2024年總統副總統選舉,3,侯友宜,中國國民黨,1583,
2024年總統副總統選舉,2024,臺北市,松山區,中正里,2024年總統副總統選舉,1,柯文哲,台灣民眾黨,1225,
2024年總統副總統選舉,2024,臺北市,松山區,中正里,2024年總統副總統選舉,2,賴清德,民主進步黨,2275,*
2024年總統副總統選舉,2024,臺北市,松山區,中正里,2024年總統副總統選舉,3,侯友宜,中國國民黨,1944,
2024年總統副總統選舉,2024,臺北市,松山區,中崙里,2024年總統副總統選舉,1,柯文哲,台灣民眾黨,593,
2024年總統副總統選舉,2024,臺北市,松山區,中崙里,2024年總統副總統選舉,2,賴清德,民主進步黨,914,*
2024年總統副總統選舉,2024,臺北市,松山區,中崙里,2024年總統副總統選舉,3,侯友宜,中國國民黨,939,
2024年總統副總統選舉,2024,臺北市,松山區,美仁里,2024年總統副總統選舉,1,柯文哲,台灣民眾黨,445,
2024年總統副總統選舉,2024,臺北市,松山區,美仁里,2024年總統副總統選舉,2,賴清德,民主進步黨,849,*
2024年總統副總統選舉,2024,臺北市,松山區,美仁里,2024年總統副總統選舉,3,侯友宜,中國國民黨,763,
2024年總統副總統選舉,2024,臺北市,松山區,吉仁里,2024年總統副總統選舉,1,柯文哲,台灣民眾黨,540,
2024年總統副總統選舉,2024,臺北市,松山區,吉仁里,2024年總統副總統選舉,2,賴清德,民主進步黨,914,*
2024年總統副總統選舉,2024,臺北市,松山區,吉仁里,2024年總統副總統選舉,3,侯友宜,中國國民黨,858,
2024年總統副總統選舉,2024,臺北市,松山區,敦化里,2024年總統副總統選舉,1,柯文哲,台灣民眾黨,918,
2024年總統副總統選舉,2024,臺北市,松山區,敦化里,2024年總統副總統選舉,2,賴清德,民主進步黨,1669,*
2024年總統副總統選舉,2024,臺北市,松山區,敦化里,2024年總統副總統選舉,3,侯友宜,中國國民黨,1555,
2024年總統副總統選舉,2024,臺北市,松山區,復源里,2024年總統副總統選舉,1,柯文哲,台灣民眾黨,451,
2024年總統副總統選舉,2024,臺北市,松山區,復源里,2024年總統副總統選舉,2,賴清德,民主進步黨,752,*
2024年總統副總統選舉,2024,臺北市,松山區,復源里,2024年總統副總統選舉,3,侯友宜,中國國民黨,814,
2024年總統副總統選舉,2024,臺北市,松山區,復建里,2024年總統副總統選舉,1,柯文哲,台灣民眾黨,607,
2024年總統副總統選舉,2024,臺北市,松山區,復建里,2024年總統副總統選舉,2,賴清德,民主進步黨,983,*
2024年總統副總統選舉,2024,臺北市,松山區,復建里,2024年總統副總統選舉,3,侯友宜,中國國民黨,1102,
2024年總統副總統選舉,2024,臺北市,松山區,復勢里,2024年總統副總統選舉,1,柯文哲,台灣民眾黨,934,
2024年總統副總統選舉,2024,臺北市,松山區,復勢里,2024年總統副總統選舉,2,賴清德,民主進步黨,1561,*
2024年總統副總統選舉,2024,臺北市,松山區,復勢里,2024年總統副總統選舉,3,侯友宜,中國國民黨,1338,
2024年總統副總統選舉,2024,臺北市,松山區,福成里,2024年總統副總統選舉,1,柯文哲,台灣民眾黨,323,
2024年總統副總統選舉,2024,臺北市,松山區,福成里,2024年總統副總統選舉,2,賴清德,民主進步黨,673,*
2024年總統副總統選舉,2024,臺北市,松山區,福成里,2024年總統副總統選舉,3,侯友宜,中國國民黨,589,
2024年總統副總統選舉,2024,臺北市,松山區,松基里,2024年總統副總統選舉,1,柯文哲,台灣民眾黨,426,
2024年總統副總統選舉,2024,臺北市,松山區,松基里,2024年總統副總統選舉,2,賴清德,民主進步黨,929,*
2024年總統副總統選舉,2024,臺北市,松山區,松基里,2024年總統副總統選舉,3,侯友宜,中國國民黨,806,
2024年總統副總統選舉,2024,臺北市,信義區,西村里,2024年總統副總統選舉,1,柯文哲,台灣民眾黨,637,
2024年總統副總統選舉,2024,臺北市,信義區,西村里,2024年總統副總統選舉,2,賴清德,民主進步黨,685,*
2024年總統副總統選舉,2024,臺北市,信義區,西村里,2024年總統副總統選舉,3,侯友宜,中國國民黨,1489,
2024年總統副總統選舉,2024,臺北市,信義區,正和里,2024年總統副總統選舉,1,柯文哲,台灣民眾黨,565,
2024年總統副總統選舉,2024,臺北市,信義區,正和里,2024年總統副總統選舉,2,賴清德,民主進步黨,868,*
2024年總統副總統選舉,2024,臺北市,信義區,正和里,2024年總統副總統選舉,3,侯友宜,中國國民黨,1240,
2024年總統副總統選舉,2024,臺北市,信義區,興隆里,2024年總統副總統選舉,1,柯文哲,台灣民眾黨,320,
2024年總統副總統選舉,2024,臺北市,信義區,興隆里,2024年總統副總統選舉,2,賴清德,民主進步黨,463,*
2024年總統副總統選舉,2024,臺北市,信義區,興隆里,2024年總統副總統選舉,3,侯友宜,中國國民黨,660,
2024年總統副總統選舉,2024,臺北市,信義區,中興里,2024年總統副總統選舉,1,柯文哲,台灣民眾黨,454,
2024年總統副總統選舉,2024,臺北市,信義區,中興里,2024年總統副總統選舉,2,賴清德,民主進步黨,719,*
2024年總統副總統選舉,2024,臺北市,信義區,中興里,2024年總統副總統選舉,3,侯友宜,中國國民黨,816,
2024年總統副總統選舉,2024,臺北市,信義區,新仁里,2024年總統副總統選舉,1,柯文哲,台灣民眾黨,400,
2024年總統副總統選舉,2024,臺北市,信義區,新仁里,2024年總統副總統選舉,2,賴清德,民主進步黨,618,*
2024年總統副總統選舉,2024,臺北市,信義區,新仁里,2024年總統副總統選舉,3,侯友宜,中國國民黨,915,
2024年總統副總統選舉,2024,臺北市,信義區,興雅里,2024年總統副總統選舉,1,柯文哲,台灣民眾黨,713,
2024年總統副總統選舉,2024,臺北市,信義區,興雅里,2024年總統副總統選舉,2,賴清德,民主進步黨,1248,*
2024年總統副總統選舉,2024,臺北市,信義區,興雅里,2024年總統副總統選舉,3,侯友宜,中國國民黨,1341,
2024年總統副總統選舉,2024,臺北市,信義區,敦厚里,2024年總統副總統選舉,1,柯文哲,台灣民眾黨,724,
2024年總統副總統選舉,2024,臺北市,信義區,敦厚里,2024年總統副總統選舉,2,賴清德,民主進步黨,1127,*
2024年總統副總統選舉,2024,臺北市,信義區,敦厚里,2024年總統副總統選舉,3,侯友宜,中國國民黨,1188,
2024年總統副總統選舉,2024,臺北市,信義區,廣居里,2024年總統副總統選舉,1,柯文哲,台灣民眾黨,1038,
2024年總統副總統選舉,2024,臺北市,信義區,廣居里,2024年總統副總統選舉,2,賴清德,民主進步黨,1568,*
2024年總統副總統選舉,2024,臺北市,信義區,廣居里,2024年總統副總統選舉,3,侯友宜,中國國民黨,1920,
2024年總統副總統選舉,2024,臺北市,信義區,安康里,2024年總統副總統選舉,1,柯文哲,台灣民眾黨,1355,
2024年總統副總統選舉,2024,臺北市,信義區,安康里,2024年總統副總統選舉,2,賴清德,民主進步黨,2211,*
2024年總統副總統選舉,2024,臺北市,信義區,安康里,2024年總統副總統選舉,3,侯友宜,中國國民黨,2553,
2024年總統副總統選舉,2024,臺北市,信義區,六藝里,2024年總統副總統選舉,1,柯文哲,台灣民眾黨,545,
2024年總統副總統選舉,2024,臺北市,信義區,六藝里,2024年總統副總統選舉,2,賴清德,民主進步黨,912,*
2024年總統副總統選舉,2024,臺北市,信義區,六藝里,2024年總統副總統選舉,3,侯友宜,中國國民黨,785,
2024年總統副總統選舉,2024,臺北市,信義區,雅祥里,2024年總統副總統選舉,1,柯文哲,台灣民眾黨,761,
2024年總統副總統選舉,2024,臺北市,信義區,雅祥里,2024年總統副總統選舉,2,賴清德,民主進步黨,1207,*
2024年總統副總統選舉,2024,臺北市,信義區,雅祥里,2024年總統副總統選舉,3,侯友宜,中國國民黨,1136,
2024年總統副總統選舉,2024,臺北市,信義區,五常里,2024年總統副總統選舉,1,柯文哲,台灣民眾黨,567,
2024年總統副總統選舉,2024,臺北市,信義區,五常里,2024年總統副總統選舉,2,賴清德,民主進步黨,844,*
2024年總統副總統選舉,2024,臺北市,信義區,五常里,2024年總統副總統選舉,3,侯友宜,中國國民黨,872,
2024年總統副總統選舉,2024,臺北市,信義區,五全里,2024年總統副總統選舉,1,柯文哲,台灣民眾黨,747,
2024年總統副總統選舉,2024,臺北市,信義區,五全里,2024年總統副總統選舉,2,賴清德,民主進步黨,1282,*
2024年總統副總統選舉,2024,臺北市,信義區,五全里,2024年總統副總統選舉,3,侯友宜,中國國民黨,1026,
2024年總統副總統選舉,2024,臺北市,信義區,永吉里,2024年總統副總統選舉,1,柯文哲,台灣民眾黨,579,
2024年總統副總統選舉,2024,臺北市,信義區,永吉里,2024年總統副總統選舉,2,賴清德,民主進步黨,1023,*
2024年總統副總統選舉,2024,臺北市,信義區,永吉里,2024年總統副總統選舉,3,侯友宜,中國國民黨,670,
2024年總統副總統選舉,2024,臺北市,信義區,長春里,2024年總統副總統選舉,1,柯文哲,台灣民眾黨,628,
2024年總統副總統選舉,2024,臺北市,信義區,長春里,2024年總統副總統選舉,2,賴清德,民主進步黨,1013,*
2024年總統副總統選舉,2024,臺北市,信義區,長春里,2024年總統副總統選舉,3,侯友宜,中國國民黨,933,
2024年總統副總統選舉,2024,臺北市,信義區,四育里,2024年總統副總統選舉,1,柯文哲,台灣民眾黨,750,
2024年總統副總統選舉,2024,臺北市,信義區,四育里,2024年總統副總統選舉,2,賴清德,民主進步黨,1468,*
2024年總統副總統選舉,2024,臺北市,信義區,四育里,2024年總統副總統選舉,3,侯友宜,中國國民黨,1240,
2024年總統副總統選舉,2024,臺北市,信義區,四維里,2024年總統副總統選舉,1,柯文哲,台灣民眾黨,731,
2024年總統副總統選舉,2024,臺北市,信義區,四維里,2024年總統副總統選舉,2,賴清德,民主進步黨,1122,*
2024年總統副總統選舉,2024,臺北市,信義區,四維里,2024年總統副總統選舉,3,侯友宜,中國國民黨,1326,
2024年總統副總統選舉,2024,臺北市,信義區,永春里,2024年總統副總統選舉,1,柯文哲,台灣民眾黨,688,
2024年總統副總統選舉,2024,臺北市,信義區,永春里,2024年總統副總統選舉,2,賴清德,民主進步黨,1194,*
2024年總統副總統選舉,2024,臺北市,信義區,永春里,2024年總統副總統選舉,3,侯友宜,中國國民黨,1120,
2024年總統副總統選舉,2024,臺北市,信義區,富台里,2024年總統副總統選舉,1,柯文哲,台灣民眾黨,644,
2024年總統副總統選舉,2024,臺北市,信義區,富台里,2024年總統副總統選舉,2,賴清德,民主進步黨,854,*
2024年總統副總統選舉,2024,臺北市,信義區,富台里,2024年總統副總統選舉,3,侯友宜,中國國民黨,1334,
2024年總統副總統選舉,2024,臺北市,信義區,國業里,2024年總統副總統選舉,1,柯文哲,台灣民眾黨,1055,
2024年總統副總統選舉,2024,臺北市,信義區,國業里,2024年總統副總統選舉,2,賴清德,民主進步黨,1543,*
2024年總統副總統選舉,2024,臺北市,信義區,國業里,2024年總統副總統選舉,3,侯友宜,中國國民黨,1771,
2024年總統副總統選舉,2024,臺北市,信義區,松隆里,2024年總統副總統選舉,1,柯文哲,台灣民眾黨,303,
2024年總統副總統選舉,2024,臺北市,信義區,松隆里,2024年總統副總統選舉,2,賴清德,民主進步黨,465,*
2024年總統副總統選舉,2024,臺北市,信義區,松隆里,2024年總統副總統選舉,3,侯友宜,中國國民黨,515,
2024年總統副總統選舉,2024,臺北市,信義區,松友里,2024年總統副總統選舉,1,柯文哲,台灣民眾黨,974,
2024年總統副總統選舉,2024,臺北市,信義區,松友里,2024年總統副總統選舉,2,賴清德,民主進步黨,1408,*
2024年總統副總統選舉,2024,臺北市,信義區,松友里,2024年總統副總統選舉,3,侯友宜,中國國民黨,1583,
2024年總統副總統選舉,2024,臺北市,信義區,松光里,2024年總統副總統選舉,1,柯文哲,台灣民眾黨,634,
2024年總統副總統選舉,2024,臺北市,信義區,松光里,2024年總統副總統選舉,2,賴清德,民主進步黨,1214,*
2024年總統副總統選舉,2024,臺北市,信義區,松光里,2024年總統副總統選舉,3,侯友宜,中國國民黨,1139,
2024年總統副總統選舉,2024,臺北市,信義區,中坡里,2024年總統副總統選舉,1,柯文哲,台灣民眾黨,661,
2024年總統副總統選舉,2024,臺北市,信義區,中坡里,2024年總統副總統選舉,2,賴清德,民主進步黨,1042,*
2024年總統副總統選舉,2024,臺北市,信義區,中坡里,2024年總統副總統選舉,3,侯友宜,中國國民黨,1042,
2024年總統副總統選舉,2024,臺北市,信義區,中行里,2024年總統副總統選舉,1,柯文哲,台灣民眾黨,1166,
2024年總統副總統選舉,2024,臺北市,信義區,中行里,2024年總統副總統選舉,2,賴清德,民主進步黨,1925,*
2024年總統副總統選舉,2024,臺北市,信義區,中行里,2024年總統副總統選舉,3,侯友宜,中國國民黨,1652,
2024年總統副總統選舉,2024,臺北市,信義區,大道里,2024年總統副總統選舉,1,柯文哲,台灣民眾黨,836,
2024年總統副總統選舉,2024,臺北市,信義區,大道里,2024年總統副總統選舉,2,賴清德,民主進步黨,1480,*
2024年總統副總統選舉,2024,臺北市,信義區,大道里,2024年總統副總統選舉,3,侯友宜,中國國民黨,1399,
2024年總統副總統選舉,2024,臺北市,信義區,大仁里,2024年總統副總統選舉,1,柯文哲,台灣民眾黨,1128,
2024年總統副總統選舉,2024,臺北市,信義區,大仁里,2024年總統副總統選舉,2,賴清德,民主進步黨,1376,*
2024年總統副總統選舉,2024,臺北市,信義區,大仁里,2024年總統副總統選舉,3,侯友宜,中國國民黨,1308,
2024年總統副總統選舉,2024,臺北市,信義區,景新里,2024年總統副總統選舉,1,柯文哲,台灣民眾黨,623,
2024年總統副總統選舉,2024,臺北市,信義區,景新里,2024年總統副總統選舉,2,賴清德,民主進步黨,1052,*
2024年總統副總統選舉,2024,臺北市,信義區,景新里,2024年總統副總統選舉,3,侯友宜,中國國民黨,1418,
2024年總統副總統選舉,2024,臺北市,信義區,惠安里,2024年總統副總統選舉,1,柯文哲,台灣民眾黨,972,
2024年總統副總統選舉,2024,臺北市,信義區,惠安里,2024年總統副總統選舉,2,賴清德,民主進步黨,1233,*
2024年總統副總統選舉,2024,臺北市,信義區,惠安里,2024年總統副總統選舉,3,侯友宜,中國國民黨,1702,
2024年總統副總統選舉,2024,臺北市,信義區,三張里,2024年總統副總統選舉,1,柯文哲,台灣民眾黨,1179,
2024年總統副總統選舉,2024,臺北市,信義區,三張里,2024年總統副總統選舉,2,賴清德,民主進步黨,1823,*
2024年總統副總統選舉,2024,臺北市,信義區,三張里,2024年總統副總統選舉,3,侯友宜,中國國民黨,2331,
2024年總統副總統選舉,2024,臺北市,信義區,三犁里,2024年總統副總統選舉,1,柯文哲,台灣民眾黨,680,
2024年總統副總統選舉,2024,臺北市,信義區,三犁里,2024年總統副總統選舉,2,賴清德,民主進步黨,1087,*
2024年總統副總統選舉,2024,臺北市,信義區,三犁里,2024年總統副總統選舉,3,侯友宜,中國國民黨,1374,
2024年總統副總統選舉,2024,臺北市,信義區,六合里,2024年總統副總統選舉,1,柯文哲,台灣民眾黨,926,
2024年總統副總統選舉,2024,臺北市,信義區,六合里,2024年總統副總統選舉,2,賴清德,民主進步黨,1259,*
2024年總統副總統選舉,2024,臺北市,信義區,六合里,2024年總統副總統選舉,3,侯友宜,中國國民黨,1876,
2024年總統副總統選舉,2024,臺北市,信義區,泰和里,2024年總統副總統選舉,1,柯文哲,台灣民眾黨,1105,
2024年總統副總統選舉,2024,臺北市,信義區,泰和里,2024年總統副總統選舉,2,賴清德,民主進步黨,1589,*
2024年總統副總統選舉,2024,臺北市,信義區,泰和里,2024年總統副總統選舉,3,侯友宜,中國國民黨,1832,
2024年總統副總統選舉,2024,臺北市,信義區,景聯里,2024年總統副總統選舉,1,柯文哲,台灣民眾黨,632,
2024年總統副總統選舉,2024,臺北市,信義區,景聯里,2024年總統副總統選舉,2,賴清德,民主進步黨,986,*
2024年總統副總統選舉,2024,臺北市,信義區,景聯里,2024年總統副總統選舉,3,侯友宜,中國國民黨,1163,
2024年總統副總統選舉,2024,臺北市,信義區,景勤里,2024年總統副總統選舉,1,柯文哲,台灣民眾黨,491,
2024年總統副總統選舉,2024,臺北市,信義區,景勤里,2024年總統副總統選舉,2,賴清德,民主進步黨,821,*
2024年總統副總統選舉,2024,臺北市,信義區,景勤里,2024年總統副總統選舉,3,侯友宜,中國國民黨,1018,
2024年總統副總統選舉,2024,臺北市,信義區,雙和里,2024年總統副總統選舉,1,柯文哲,台灣民眾黨,1079,
2024年總統副總統選舉,2024,臺北市,信義區,雙和里,2024年總統副總統選舉,2,賴清德,民主進步黨,1503,*
2024年總統副總統選舉,2024,臺北市,信義區,雙和里,2024年總統副總統選舉,3,侯友宜,中國國民黨,1889,
2024年總統副總統選舉,2024,臺北市,信義區,嘉興里,2024年總統副總統選舉,1,柯文哲,台灣民眾黨,441,
2024年總統副總統選舉,2024,臺北市,信義區,嘉興里,2024年總統副總統選舉,2,賴清德,民主進步黨,731,*
2024年總統副總統選舉,2024,臺北市,信義區,嘉興里,2024年總統副總統選舉,3,侯友宜,中國國民黨,746,
2024年總統副總統選舉,2024,臺北市,信義區,黎順里,2024年總統副總統選舉,1,柯文哲,台灣民眾黨,523,
2024年總統副總統選舉,2024,臺北市,信義區,黎順里,2024年總統副總統選舉,2,賴清德,民主進步黨,845,*
2024年總統副總統選舉,2024,臺北市,信義區,黎順里,2024年總統副總統選舉,3,侯友宜,中國國民黨,1052,
2024年總統副總統選舉,2024,臺北市,信義區,黎平里,2024年總統副總統選舉,1,柯文哲,台灣民眾黨,967,
2024年總統副總統選舉,2024,臺北市,信義區,黎平里,2024年總統副總統選舉,2,賴清德,民主進步黨,1482,*
2024年總統副總統選舉,2024,臺北市,信義區,黎平里,2024年總統副總統選舉,3,侯友宜,中國國民黨,1883,
2024年總統副總統選舉,2024,臺北市,信義區,黎忠里,2024年總統副總統選舉,1,柯文哲,台灣民眾黨,699,
2024年總統副總統選舉,2024,臺北市,信義區,黎忠里,2024年總統副總統選舉,2,賴清德,民主進步黨,1021,*
2024年總統副總統選舉,2024,臺北市,信義區,黎忠里,2024年總統副總統選舉,3,侯友宜,中國國民黨,1250,
2024年總統副總統選舉,2024,臺北市,信義區,黎安里,2024年總統副總統選舉,1,柯文哲,台灣民眾黨,212,
2024年總統副總統選舉,2024,臺北市,信義區,黎安里,2024年總統副總統選舉,2,賴清德,民主進步黨,323,*
2024年總統副總統選舉,2024,臺北市,信義區,黎安里,2024年總統副總統選舉,3,侯友宜,中國國民黨,569,
2024年總統副總統選舉,2024,臺北市,大安區,德安里,2024年總統副總統選舉,1,柯文哲,台灣民眾黨,606,
2024年總統副總統選舉,2024,臺北市,大安區,德安里,2024年總統副總統選舉,2,賴清德,民主進步黨,1103,*
2024年總統副總統選舉,2024,臺北市,大安區,德安里,2024年總統副總統選舉,3,侯友宜,中國國民黨,1498,
2024年總統副總統選舉,2024,臺北市,大安區,仁慈里,2024年總統副總統選舉,1,柯文哲,台灣民眾黨,623,
2024年總統副總統選舉,2024,臺北市,大安區,仁慈里,2024年總統副總統選舉,2,賴清德,民主進步黨,1363,*
2024年總統副總統選舉,2024,臺北市,大安區,仁慈里,2024年總統副總統選舉,3,侯友宜,中國國民黨,1204,
2024年總統副總統選舉,2024,臺北市,大安區,和安里,2024年總統副總統選舉,1,柯文哲,台灣民眾黨,894,
2024年總統副總統選舉,2024,臺北市,大安區,和安里,2024年總統副總統選舉,2,賴清德,民主進步黨,1406,*
2024年總統副總統選舉,2024,臺北市,大安區,和安里,2024年總統副總統選舉,3,侯友宜,中國國民黨,1634,
2024年總統副總統選舉,2024,臺北市,大安區,民炤里,2024年總統副總統選舉,1,柯文哲,台灣民眾黨,913,
2024年總統副總統選舉,2024,臺北市,大安區,民炤里,2024年總統副總統選舉,2,賴清德,民主進步黨,1951,*
2024年總統副總統選舉,2024,臺北市,大安區,民炤里,2024年總統副總統選舉,3,侯友宜,中國國民黨,1785,
2024年總統副總統選舉,2024,臺北市,大安區,仁愛里,2024年總統副總統選舉,1,柯文哲,台灣民眾黨,406,
2024年總統副總統選舉,2024,臺北市,大安區,仁愛里,2024年總統副總統選舉,2,賴清德,民主進步黨,1116,*
2024年總統副總統選舉,2024,臺北市,大安區,仁愛里,2024年總統副總統選舉,3,侯友宜,中國國民黨,1212,
2024年總統副總統選舉,2024,臺北市,大安區,義村里,2024年總統副總統選舉,1,柯文哲,台灣民眾黨,624,
2024年總統副總統選舉,2024,臺北市,大安區,義村里,2024年總統副總統選舉,2,賴清德,民主進步黨,995,*
2024年總統副總統選舉,2024,臺北市,大安區,義村里,2024年總統副總統選舉,3,侯友宜,中國國民黨,1729,
2024年總統副總統選舉,2024,臺北市,大安區,民輝里,2024年總統副總統選舉,1,柯文哲,台灣民眾黨,806,
2024年總統副總統選舉,2024,臺北市,大安區,民輝里,2024年總統副總統選舉,2,賴清德,民主進步黨,1563,*
2024年總統副總統選舉,2024,臺北市,大安區,民輝里,2024年總統副總統選舉,3,侯友宜,中國國民黨,1569,
2024年總統副總統選舉,2024,臺北市,大安區,昌隆里,2024年總統副總統選舉,1,柯文哲,台灣民眾黨,307,
2024年總統副總統選舉,2024,臺北市,大安區,昌隆里,2024年總統副總統選舉,2,賴清德,民主進步黨,797,*
2024年總統副總統選舉,2024,臺北市,大安區,昌隆里,2024年總統副總統選舉,3,侯友宜,中國國民黨,732,
2024年總統副總統選舉,2024,臺北市,大安區,誠安里,2024年總統副總統選舉,1,柯文哲,台灣民眾黨,412,
2024年總統副總統選舉,2024,臺北市,大安區,誠安里,2024年總統副總統選舉,2,賴清德,民主進步黨,943,*
2024年總統副總統選舉,2024,臺北市,大安區,誠安里,2024年總統副總統選舉,3,侯友宜,中國國民黨,943,
2024年總統副總統選舉,2024,臺北市,大安區,光武里,2024年總統副總統選舉,1,柯文哲,台灣民眾黨,791,
2024年總統副總統選舉,2024,臺北市,大安區,光武里,2024年總統副總統選舉,2,賴清德,民主進步黨,1670,*
2024年總統副總統選舉,2024,臺北市,大安區,光武里,2024年總統副總統選舉,3,侯友宜,中國國民黨,1809,
2024年總統副總統選舉,2024,臺北市,大安區,龍坡里,2024年總統副總統選舉,1,柯文哲,台灣民眾黨,698,
2024年總統副總統選舉,2024,臺北市,大安區,龍坡里,2024年總統副總統選舉,2,賴清德,民主進步黨,1264,*
2024年總統副總統選舉,2024,臺北市,大安區,龍坡里,2024年總統副總統選舉,3,侯友宜,中國國民黨,1341,
2024年總統副總統選舉,2024,臺北市,大安區,龍泉里,2024年總統副總統選舉,1,柯文哲,台灣民眾黨,653,
2024年總統副總統選舉,2024,臺北市,大安區,龍泉里,2024年總統副總統選舉,2,賴清德,民主進步黨,1154,*
2024年總統副總統選舉,2024,臺北市,大安區,龍泉里,2024年總統副總統選舉,3,侯友宜,中國國民黨,1142,
2024年總統副總統選舉,2024,臺北市,大安區,古風里,2024年總統副總統選舉,1,柯文哲,台灣民眾黨,555,
2024年總統副總統選舉,2024,臺北市,大安區,古風里,2024年總統副總統選舉,2,賴清德,民主進步黨,949,*
2024年總統副總統選舉,2024,臺北市,大安區,古風里,2024年總統副總統選舉,3,侯友宜,中國國民黨,984,
2024年總統副總統選舉,2024,臺北市,大安區,古莊里,2024年總統副總統選舉,1,柯文哲,台灣民眾黨,1055,
2024年總統副總統選舉,2024,臺北市,大安區,古莊里,2024年總統副總統選舉,2,賴清德,民主進步黨,1626,*
2024年總統副總統選舉,2024,臺北市,大安區,古莊里,2024年總統副總統選舉,3,侯友宜,中國國民黨,1730,
2024年總統副總統選舉,2024,臺北市,大安區,龍安里,2024年總統副總統選舉,1,柯文哲,台灣民眾黨,843,
2024年總統副總統選舉,2024,臺北市,大安區,龍安里,2024年總統副總統選舉,2,賴清德,民主進步黨,1438,*
2024年總統副總統選舉,2024,臺北市,大安區,龍安里,2024年總統副總統選舉,3,侯友宜,中國國民黨,1485,
2024年總統副總統選舉,2024,臺北市,大安區,錦安里,2024年總統副總統選舉,1,柯文哲,台灣民眾黨,784,
2024年總統副總統選舉,2024,臺北市,大安區,錦安里,2024年總統副總統選舉,2,賴清德,民主進步黨,1350,*
2024年總統副總統選舉,2024,臺北市,大安區,錦安里,2024年總統副總統選舉,3,侯友宜,中國國民黨,1385,
2024年總統副總統選舉,2024,臺北市,大安區,福住里,2024年總統副總統選舉,1,柯文哲,台灣民眾黨,771,
2024年總統副總統選舉,2024,臺北市,大安區,福住里,2024年總統副總統選舉,2,賴清德,民主進步黨,1414,*
2024年總統副總統選舉,2024,臺北市,大安區,福住里,2024年總統副總統選舉,3,侯友宜,中國國民黨,1362,
2024年總統副總統選舉,2024,臺北市,大安區,永康里,2024年總統副總統選舉,1,柯文哲,台灣民眾黨,488,
2024年總統副總統選舉,2024,臺北市,大安區,永康里,2024年總統副總統選舉,2,賴清德,民主進步黨,734,*
2024年總統副總統選舉,2024,臺北市,大安區,永康里,2024年總統副總統選舉,3,侯友宜,中國國民黨,892,
2024年總統副總統選舉,2024,臺北市,大安區,光明里,2024年總統副總統選舉,1,柯文哲,台灣民眾黨,599,
2024年總統副總統選舉,2024,臺北市,大安區,光明里,2024年總統副總統選舉,2,賴清德,民主進步黨,809,*
2024年總統副總統選舉,2024,臺北市,大安區,光明里,2024年總統副總統選舉,3,侯友宜,中國國民黨,780,
2024年總統副總統選舉,2024,臺北市,大安區,錦泰里,2024年總統副總統選舉,1,柯文哲,台灣民眾黨,512,
2024年總統副總統選舉,2024,臺北市,大安區,錦泰里,2024年總統副總統選舉,2,賴清德,民主進步黨,769,*
2024年總統副總統選舉,2024,臺北市,大安區,錦泰里,2024年總統副總統選舉,3,侯友宜,中國國民黨,913,
2024年總統副總統選舉,2024,臺北市,大安區,錦華里,2024年總統副總統選舉,1,柯文哲,台灣民眾黨,822,
2024年總統副總統選舉,2024,臺北市,大安區,錦華里,2024年總統副總統選舉,2,賴清德,民主進步黨,1225,*
2024年總統副總統選舉,2024,臺北市,大安區,錦華里,2024年總統副總統選舉,3,侯友宜,中國國民黨,1451,
2024年總統副總統選舉,2024,臺北市,大安區,龍圖里,2024年總統副總統選舉,1,柯文哲,台灣民眾黨,852,
2024年總統副總統選舉,2024,臺北市,大安區,龍圖里,2024年總統副總統選舉,2,賴清德,民主進步黨,1376,*
2024年總統副總統選舉,2024,臺北市,大安區,龍圖里,2024年總統副總統選舉,3,侯友宜,中國國民黨,1772,
2024年總統副總統選舉,2024,臺北市,大安區,新龍里,2024年總統副總統選舉,1,柯文哲,台灣民眾黨,962,
2024年總統副總統選舉,2024,臺北市,大安區,新龍里,2024年總統副總統選舉,2,賴清德,民主進步黨,1137,*
2024年總統副總統選舉,2024,臺北市,大安區,新龍里,2024年總統副總統選舉,3,侯友宜,中國國民黨,2075,
2024年總統副總統選舉,2024,臺北市,大安區,龍陣里,2024年總統副總統選舉,1,柯文哲,台灣民眾黨,415,
2024年總統副總統選舉,2024,臺北市,大安區,龍陣里,2024年總統副總統選舉,2,賴清德,民主進步黨,802,*
2024年總統副總統選舉,2024,臺北市,大安區,龍陣里,2024年總統副總統選舉,3,侯友宜,中國國民黨,904,
2024年總統副總統選舉,2024,臺北市,大安區,龍雲里,2024年總統副總統選舉,1,柯文哲,台灣民眾黨,507,
2024年總統副總統選舉,2024,臺北市,大安區,龍雲里,2024年總統副總統選舉,2,賴清德,民主進步黨,1019,*
2024年總統副總統選舉,2024,臺北市,大安區,龍雲里,2024年總統副總統選舉,3,侯友宜,中國國民黨,1201,
2024年總統副總統選舉,2024,臺北市,大安區,龍生里,2024年總統副總統選舉,1,柯文哲,台灣民眾黨,896,
2024年總統副總統選舉,2024,臺北市,大安區,龍生里,2024年總統副總統選舉,2,賴清德,民主進步黨,1386,*
2024年總統副總統選舉,2024,臺北市,大安區,龍生里,2024年總統副總統選舉,3,侯友宜,中國國民黨,1683,
2024年總統副總統選舉,2024,臺北市,大安區,住安里,2024年總統副總統選舉,1,柯文哲,台灣民眾黨,604,
2024年總統副總統選舉,2024,臺北市,大安區,住安里,2024年總統副總統選舉,2,賴清德,民主進步黨,997,*
2024年總統副總統選舉,2024,臺北市,大安區,住安里,2024年總統副總統選舉,3,侯友宜,中國國民黨,1347,
2024年總統副總統選舉,2024,臺北市,大安區,義安里,2024年總統副總統選舉,1,柯文哲,台灣民眾黨,568,
2024年總統副總統選舉,2024,臺北市,大安區,義安里,2024年總統副總統選舉,2,賴清德,民主進步黨,1111,*
2024年總統副總統選舉,2024,臺北市,大安區,義安里,2024年總統副總統選舉,3,侯友宜,中國國民黨,1455,
2024年總統副總統選舉,2024,臺北市,大安區,通化里,2024年總統副總統選舉,1,柯文哲,台灣民眾黨,844,
2024年總統副總統選舉,2024,臺北市,大安區,通化里,2024年總統副總統選舉,2,賴清德,民主進步黨,1421,*
2024年總統副總統選舉,2024,臺北市,大安區,通化里,2024年總統副總統選舉,3,侯友宜,中國國民黨,1345,
2024年總統副總統選舉,2024,臺北市,大安區,通安里,2024年總統副總統選舉,1,柯文哲,台灣民眾黨,701,
2024年總統副總統選舉,2024,臺北市,大安區,通安里,2024年總統副總統選舉,2,賴清德,民主進步黨,1208,*
2024年總統副總統選舉,2024,臺北市,大安區,通安里,2024年總統副總統選舉,3,侯友宜,中國國民黨,1338,
2024年總統副總統選舉,2024,臺北市,大安區,臨江里,2024年總統副總統選舉,1,柯文哲,台灣民眾黨,579,
2024年總統副總統選舉,2024,臺北市,大安區,臨江里,2024年總統副總統選舉,2,賴清德,民主進步黨,921,*
2024年總統副總統選舉,2024,臺北市,大安區,臨江里,2024年總統副總統選舉,3,侯友宜,中國國民黨,991,
2024年總統副總統選舉,2024,臺北市,大安區,法治里,2024年總統副總統選舉,1,柯文哲,台灣民眾黨,609,
2024年總統副總統選舉,2024,臺北市,大安區,法治里,2024年總統副總統選舉,2,賴清德,民主進步黨,857,*
2024年總統副總統選舉,2024,臺北市,大安區,法治里,2024年總統副總統選舉,3,侯友宜,中國國民黨,1289,
2024年總統副總統選舉,2024,臺北市,大安區,全安里,2024年總統副總統選舉,1,柯文哲,台灣民眾黨,499,
2024年總統副總統選舉,2024,臺北市,大安區,全安里,2024年總統副總統選舉,2,賴清德,民主進步黨,873,*
2024年總統副總統選舉,2024,臺北市,大安區,全安里,2024年總統副總統選舉,3,侯友宜,中國國民黨,1196,
2024年總統副總統選舉,2024,臺北市,大安區,群賢里,2024年總統副總統選舉,1,柯文哲,台灣民眾黨,665,
2024年總統副總統選舉,2024,臺北市,大安區,群賢里,2024年總統副總統選舉,2,賴清德,民主進步黨,1094,*
2024年總統副總統選舉,2024,臺北市,大安區,群賢里,2024年總統副總統選舉,3,侯友宜,中國國民黨,1627,
2024年總統副總統選舉,2024,臺北市,大安區,群英里,2024年總統副總統選舉,1,柯文哲,台灣民眾黨,930,
2024年總統副總統選舉,2024,臺北市,大安區,群英里,2024年總統副總統選舉,2,賴清德,民主進步黨,978,*
2024年總統副總統選舉,2024,臺北市,大安區,群英里,2024年總統副總統選舉,3,侯友宜,中國國民黨,2386,
2024年總統副總統選舉,2024,臺北市,大安區,虎嘯里,2024年總統副總統選舉,1,柯文哲,台灣民眾黨,485,
2024年總統副總統選舉,2024,臺北市,大安區,虎嘯里,2024年總統副總統選舉,2,賴清德,民主進步黨,792,*
2024年總統副總統選舉,2024,臺北市,大安區,虎嘯里,2024年總統副總統選舉,3,侯友宜,中國國民黨,990,
2024年總統副總統選舉,2024,臺北市,大安區,臥龍里,2024年總統副總統選舉,1,柯文哲,台灣民眾黨,292,
2024年總統副總統選舉,2024,臺北市,大安區,臥龍里,2024年總統副總統選舉,2,賴清德,民主進步黨,417,*
2024年總統副總統選舉,2024,臺北市,大安區,臥龍里,2024年總統副總統選舉,3,侯友宜,中國國民黨,539,
2024年總統副總統選舉,2024,臺北市,大安區,龍淵里,2024年總統副總統選舉,1,柯文哲,台灣民眾黨,1198,
2024年總統副總統選舉,2024,臺北市,大安區,龍淵里,2024年總統副總統選舉,2,賴清德,民主進步黨,2015,*
2024年總統副總統選舉,2024,臺北市,大安區,龍淵里,2024年總統副總統選舉,3,侯友宜,中國國民黨,2165,
2024年總統副總統選舉,2024,臺北市,大安區,龍門里,2024年總統副總統選舉,1,柯文哲,台灣民眾黨,495,
2024年總統副總統選舉,2024,臺北市,大安區,龍門里,2024年總統副總統選舉,2,賴清德,民主進步黨,973,*
2024年總統副總統選舉,2024,臺北市,大安區,龍門里,2024年總統副總統選舉,3,侯友宜,中國國民黨,1009,
2024年總統副總統選舉,2024,臺北市,大安區,大學里,2024年總統副總統選舉,1,柯文哲,台灣民眾黨,1088,
2024年總統副總統選舉,2024,臺北市,大安區,大學里,2024年總統副總統選舉,2,賴清德,民主進步黨,1915,*
2024年總統副總統選舉,2024,臺北市,大安區,大學里,2024年總統副總統選舉,3,侯友宜,中國國民黨,2108,
2024年總統副總統選舉,2024,臺北市,大安區,芳和里,2024年總統副總統選舉,1,柯文哲,台灣民眾黨,704,
2024年總統副總統選舉,2024,臺北市,大安區,芳和里,2024年總統副總統選舉,2,賴清德,民主進步黨,1230,*
2024年總統副總統選舉,2024,臺北市,大安區,芳和里,2024年總統副總統選舉,3,侯友宜,中國國民黨,1518,
2024年總統副總統選舉,2024,臺北市,大安區,黎元里,2024年總統副總統選舉,1,柯文哲,台灣民眾黨,799,
2024年總統副總統選舉,2024,臺北市,大安區,黎元里,2024年總統副總統選舉,2,賴清德,民主進步黨,1225,*
2024年總統副總統選舉,2024,臺北市,大安區,黎元里,2024年總統副總統選舉,3,侯友宜,中國國民黨,1355,
2024年總統副總統選舉,2024,臺北市,大安區,黎孝里,2024年總統副總統選舉,1,柯文哲,台灣民眾黨,1113,
2024年總統副總統選舉,2024,臺北市,大安區,黎孝里,2024年總統副總統選舉,2,賴清德,民主進步黨,1697,*
2024年總統副總統選舉,2024,臺北市,大安區,黎孝里,2024年總統副總統選舉,3,侯友宜,中國國民黨,1983,
2024年總統副總統選舉,2024,臺北市,大安區,黎和里,2024年總統副總統選舉,1,柯文哲,台灣民眾黨,705,
2024年總統副總統選舉,2024,臺北市,大安區,黎和里,2024年總統副總統選舉,2,賴清德,民主進步黨,975,*
2024年總統副總統選舉,2024,臺北市,大安區,黎和里,2024年總統副總統選舉,3,侯友宜,中國國民黨,1322,
2024年總統副總統選舉,2024,臺北市,大安區,建安里,2024年總統副總統選舉,1,柯文哲,台灣民眾黨,519,
2024年總統副總統選舉,2024,臺北市,大安區,建安里,2024年總統副總統選舉,2,賴清德,民主進步黨,1027,*
2024年總統副總統選舉,2024,臺北市,大安區,建安里,2024年總統副總統選舉,3,侯友宜,中國國民黨,1175,
2024年總統副總統選舉,2024,臺北市,大安區,建倫里,2024年總統副總統選舉,1,柯文哲,台灣民眾黨,554,
2024年總統副總統選舉,2024,臺北市,大安區,建倫里,2024年總統副總統選舉,2,賴清德,民主進步黨,1300,*
2024年總統副總統選舉,2024,臺北市,大安區,建倫里,2024年總統副總統選舉,3,侯友宜,中國國民黨,1545,
2024年總統副總統選舉,2024,臺北市,大安區,敦安里,2024年總統副總統選舉,1,柯文哲,台灣民眾黨,662,
2024年總統副總統選舉,2024,臺北市,大安區,敦安里,2024年總統副總統選舉,2,賴清德,民主進步黨,1362,*
2024年總統副總統選舉,2024,臺北市,大安區,敦安里,2024年總統副總統選舉,3,侯友宜,中國國民黨,1455,
2024年總統副總統選舉,2024,臺北市,大安區,正聲里,2024年總統副總統選舉,1,柯文哲,台灣民眾黨,530,
2024年總統副總統選舉,2024,臺北市,大安區,正聲里,2024年總統副總統選舉,2,賴清德,民主進步黨,919,*
2024年總統副總統選舉,2024,臺北市,大安區,正聲里,2024年總統副總統選舉,3,侯友宜,中國國民黨,1179,
2024年總統副總統選舉,2024,臺北市,大安區,敦煌里,2024年總統副總統選舉,1,柯文哲,台灣民眾黨,692,
2024年總統副總統選舉,2024,臺北市,大安區,敦煌里,2024年總統副總統選舉,2,賴清德,民主進步黨,1387,*
2024年總統副總統選舉,2024,臺北市,大安區,敦煌里,2024年總統副總統選舉,3,侯友宜,中國國民黨,1414,
2024年總統副總統選舉,2024,臺北市,大安區,華聲里,2024年總統副總統選舉,1,柯文哲,台灣民眾黨,475,
2024年總統副總統選舉,2024,臺北市,大安區,華聲里,2024年總統副總統選舉,2,賴清德,民主進步黨,871,*
2024年總統副總統選舉,2024,臺北市,大安區,華聲里,2024年總統副總統選舉,3,侯友宜,中國國民黨,1027,
2024年總統副總統選舉,2024,臺北市,大安區,車層里,2024年總統副總統選舉,1,柯文哲,台灣民眾黨,670,
2024年總統副總統選舉,2024,臺北市,大安區,車層里,2024年總統副總統選舉,2,賴清德,民主進步黨,1392,*
2024年總統副總統選舉,2024,臺北市,大安區,車層里,2024年總統副總統選舉,3,侯友宜,中國國民黨,1500,
2024年總統副總統選舉,2024,臺北市,大安區,光信里,2024年總統副總統選舉,1,柯文哲,台灣民眾黨,844,
2024年總統副總統選舉,2024,臺北市,大安區,光信里,2024年總統副總統選舉,2,賴清德,民主進步黨,1618,*
2024年總統副總統選舉,2024,臺北市,大安區,光信里,2024年總統副總統選舉,3,侯友宜,中國國民黨,1848,
2024年總統副總統選舉,2024,臺北市,大安區,學府里,2024年總統副總統選舉,1,柯文哲,台灣民眾黨,291,
2024年總統副總統選舉,2024,臺北市,大安區,學府里,2024年總統副總統選舉,2,賴清德,民主進步黨,447,*
2024年總統副總統選舉,2024,臺北市,大安區,學府里,2024年總統副總統選舉,3,侯友宜,中國國民黨,633,
2024年總統副總統選舉,2024,臺北市,中山區,正守里,2024年總統副總統選舉,1,柯文哲,台灣民眾黨,464,
2024年總統副總統選舉,2024,臺北市,中山區,正守里,2024年總統副總統選舉,2,賴清德,民主進步黨,829,*
2024年總統副總統選舉,2024,臺北市,中山區,正守里,2024年總統副總統選舉,3,侯友宜,中國國民黨,744,
2024年總統副總統選舉,2024,臺北市,中山區,正義里,2024年總統副總統選舉,1,柯文哲,台灣民眾黨,726,
2024年總統副總統選舉,2024,臺北市,中山區,正義里,2024年總統副總統選舉,2,賴清德,民主進步黨,1176,*
2024年總統副總統選舉,2024,臺北市,中山區,正義里,2024年總統副總統選舉,3,侯友宜,中國國民黨,1191,
2024年總統副總統選舉,2024,臺北市,中山區,正得里,2024年總統副總統選舉,1,柯文哲,台灣民眾黨,503,
2024年總統副總統選舉,2024,臺北市,中山區,正得里,2024年總統副總統選舉,2,賴清德,民主進步黨,874,*
2024年總統副總統選舉,2024,臺北市,中山區,正得里,2024年總統副總統選舉,3,侯友宜,中國國民黨,843,
2024年總統副總統選舉,2024,臺北市,中山區,民安里,2024年總統副總統選舉,1,柯文哲,台灣民眾黨,590,
2024年總統副總統選舉,2024,臺北市,中山區,民安里,2024年總統副總統選舉,2,賴清德,民主進步黨,1219,*
2024年總統副總統選舉,2024,臺北市,中山區,民安里,2024年總統副總統選舉,3,侯友宜,中國國民黨,904,
2024年總統副總統選舉,2024,臺北市,中山區,康樂里,2024年總統副總統選舉,1,柯文哲,台灣民眾黨,330,
2024年總統副總統選舉,2024,臺北市,中山區,康樂里,2024年總統副總統選舉,2,賴清德,民主進步黨,630,*
2024年總統副總統選舉,2024,臺北市,中山區,康樂里,2024年總統副總統選舉,3,侯友宜,中國國民黨,660,
2024年總統副總統選舉,2024,臺北市,中山區,中山里,2024年總統副總統選舉,1,柯文哲,台灣民眾黨,1037,
2024年總統副總統選舉,2024,臺北市,中山區,中山里,2024年總統副總統選舉,2,賴清德,民主進步黨,1672,*
2024年總統副總統選舉,2024,臺北市,中山區,中山里,2024年總統副總統選舉,3,侯友宜,中國國民黨,1472,
2024年總統副總統選舉,2024,臺北市,中山區,聚盛里,2024年總統副總統選舉,1,柯文哲,台灣民眾黨,555,
2024年總統副總統選舉,2024,臺北市,中山區,聚盛里,2024年總統副總統選舉,2,賴清德,民主進步黨,883,*
2024年總統副總統選舉,2024,臺北市,中山區,聚盛里,2024年總統副總統選舉,3,侯友宜,中國國民黨,923,
2024年總統副總統選舉,2024,臺北市,中山區,集英里,2024年總統副總統選舉,1,柯文哲,台灣民眾黨,1012,
2024年總統副總統選舉,2024,臺北市,中山區,集英里,2024年總統副總統選舉,2,賴清德,民主進步黨,1875,*
2024年總統副總統選舉,2024,臺北市,中山區,集英里,2024年總統副總統選舉,3,侯友宜,中國國民黨,1261,
2024年總統副總統選舉,2024,臺北市,中山區,聚葉里,2024年總統副總統選舉,1,柯文哲,台灣民眾黨,557,
2024年總統副總統選舉,2024,臺北市,中山區,聚葉里,2024年總統副總統選舉,2,賴清德,民主進步黨,981,*
2024年總統副總統選舉,2024,臺北市,中山區,聚葉里,2024年總統副總統選舉,3,侯友宜,中國國民黨,846,
2024年總統副總統選舉,2024,臺北市,中山區,恆安里,2024年總統副總統選舉,1,柯文哲,台灣民眾黨,763,
2024年總統副總統選舉,2024,臺北市,中山區,恆安里,2024年總統副總統選舉,2,賴清德,民主進步黨,1204,*
2024年總統副總統選舉,2024,臺北市,中山區,恆安里,2024年總統副總統選舉,3,侯友宜,中國國民黨,1122,
2024年總統副總統選舉,2024,臺北市,中山區,晴光里,2024年總統副總統選舉,1,柯文哲,台灣民眾黨,773,
2024年總統副總統選舉,2024,臺北市,中山區,晴光里,2024年總統副總統選舉,2,賴清德,民主進步黨,1242,*
2024年總統副總統選舉,2024,臺北市,中山區,晴光里,2024年總統副總統選舉,3,侯友宜,中國國民黨,1254,
2024年總統副總統選舉,2024,臺北市,中山區,圓山里,2024年總統副總統選舉,1,柯文哲,台灣民眾黨,587,
2024年總統副總統選舉,2024,臺北市,中山區,圓山里,2024年總統副總統選舉,2,賴清德,民主進步黨,1067,*
2024年總統副總統選舉,2024,臺北市,中山區,圓山里,2024年總統副總統選舉,3,侯友宜,中國國民黨,842,
2024年總統副總統選舉,2024,臺北市,中山區,劍潭里,2024年總統副總統選舉,1,柯文哲,台灣民眾黨,482,
2024年總統副總統選舉,2024,臺北市,中山區,劍潭里,2024年總統副總統選舉,2,賴清德,民主進步黨,421,*
2024年總統副總統選舉,2024,臺北市,中山區,劍潭里,2024年總統副總統選舉,3,侯友宜,中國國民黨,1307,
2024年總統副總統選舉,2024,臺北市,中山區,大直里,2024年總統副總統選舉,1,柯文哲,台灣民眾黨,1182,
2024年總統副總統選舉,2024,臺北市,中山區,大直里,2024年總統副總統選舉,2,賴清德,民主進步黨,1945,*
2024年總統副總統選舉,2024,臺北市,中山區,大直里,2024年總統副總統選舉,3,侯友宜,中國國民黨,2177,
2024年總統副總統選舉,2024,臺北市,中山區,成功里,2024年總統副總統選舉,1,柯文哲,台灣民眾黨,754,
2024年總統副總統選舉,2024,臺北市,中山區,成功里,2024年總統副總統選舉,2,賴清德,民主進步黨,1561,*
2024年總統副總統選舉,2024,臺北市,中山區,成功里,2024年總統副總統選舉,3,侯友宜,中國國民黨,1466,
2024年總統副總統選舉,2024,臺北市,中山區,永安里,2024年總統副總統選舉,1,柯文哲,台灣民眾黨,1222,
2024年總統副總統選舉,2024,臺北市,中山區,永安里,2024年總統副總統選舉,2,賴清德,民主進步黨,2204,*
2024年總統副總統選舉,2024,臺北市,中山區,永安里,2024年總統副總統選舉,3,侯友宜,中國國民黨,2194,
2024年總統副總統選舉,2024,臺北市,中山區,大佳里,2024年總統副總統選舉,1,柯文哲,台灣民眾黨,118,
2024年總統副總統選舉,2024,臺北市,中山區,大佳里,2024年總統副總統選舉,2,賴清德,民主進步黨,285,*
2024年總統副總統選舉,2024,臺北市,中山區,大佳里,2024年總統副總統選舉,3,侯友宜,中國國民黨,131,
2024年總統副總統選舉,2024,臺北市,中山區,新喜里,2024年總統副總統選舉,1,柯文哲,台灣民眾黨,791,
2024年總統副總統選舉,2024,臺北市,中山區,新喜里,2024年總統副總統選舉,2,賴清德,民主進步黨,1342,*
2024年總統副總統選舉,2024,臺北市,中山區,新喜里,2024年總統副總統選舉,3,侯友宜,中國國民黨,942,
2024年總統副總統選舉,2024,臺北市,中山區,新庄里,2024年總統副總統選舉,1,柯文哲,台灣民眾黨,714,
2024年總統副總統選舉,2024,臺北市,中山區,新庄里,2024年總統副總統選舉,2,賴清德,民主進步黨,1303,*
2024年總統副總統選舉,2024,臺北市,中山區,新庄里,2024年總統副總統選舉,3,侯友宜,中國國民黨,995,
2024年總統副總統選舉,2024,臺北市,中山區,新福里,2024年總統副總統選舉,1,柯文哲,台灣民眾黨,703,
2024年總統副總統選舉,2024,臺北市,中山區,新福里,2024年總統副總統選舉,2,賴清德,民主進步黨,1439,*
2024年總統副總統選舉,2024,臺北市,中山區,新福里,2024年總統副總統選舉,3,侯友宜,中國國民黨,962,
2024年總統副總統選舉,2024,臺北市,中山區,松江里,2024年總統副總統選舉,1,柯文哲,台灣民眾黨,923,
2024年總統副總統選舉,2024,臺北市,中山區,松江里,2024年總統副總統選舉,2,賴清德,民主進步黨,1676,*
2024年總統副總統選舉,2024,臺北市,中山區,松江里,2024年總統副總統選舉,3,侯友宜,中國國民黨,1291,
2024年總統副總統選舉,2024,臺北市,中山區,新生里,2024年總統副總統選舉,1,柯文哲,台灣民眾黨,614,
2024年總統副總統選舉,2024,臺北市,中山區,新生里,2024年總統副總統選舉,2,賴清德,民主進步黨,1311,*
2024年總統副總統選舉,2024,臺北市,中山區,新生里,2024年總統副總統選舉,3,侯友宜,中國國民黨,991,
2024年總統副總統選舉,2024,臺北市,中山區,中庄里,2024年總統副總統選舉,1,柯文哲,台灣民眾黨,699,
2024年總統副總統選舉,2024,臺北市,中山區,中庄里,2024年總統副總統選舉,2,賴清德,民主進步黨,1410,*
2024年總統副總統選舉,2024,臺北市,中山區,中庄里,2024年總統副總統選舉,3,侯友宜,中國國民黨,985,
2024年總統副總統選舉,2024,臺北市,中山區,行政里,2024年總統副總統選舉,1,柯文哲,台灣民眾黨,896,
2024年總統副總統選舉,2024,臺北市,中山區,行政里,2024年總統副總統選舉,2,賴清德,民主進步黨,1542,*
2024年總統副總統選舉,2024,臺北市,中山區,行政里,2024年總統副總統選舉,3,侯友宜,中國國民黨,1346,
2024年總統副總統選舉,2024,臺北市,中山區,行仁里,2024年總統副總統選舉,1,柯文哲,台灣民眾黨,1114,
2024年總統副總統選舉,2024,臺北市,中山區,行仁里,2024年總統副總統選舉,2,賴清德,民主進步黨,2119,*
2024年總統副總統選舉,2024,臺北市,中山區,行仁里,2024年總統副總統選舉,3,侯友宜,中國國民黨,1613,
2024年總統副總統選舉,2024,臺北市,中山區,行孝里,2024年總統副總統選舉,1,柯文哲,台灣民眾黨,724,
2024年總統副總統選舉,2024,臺北市,中山區,行孝里,2024年總統副總統選舉,2,賴清德,民主進步黨,1155,*
2024年總統副總統選舉,2024,臺北市,中山區,行孝里,2024年總統副總統選舉,3,侯友宜,中國國民黨,845,
2024年總統副總統選舉,2024,臺北市,中山區,下埤里,2024年總統副總統選舉,1,柯文哲,台灣民眾黨,1075,
2024年總統副總統選舉,2024,臺北市,中山區,下埤里,2024年總統副總統選舉,2,賴清德,民主進步黨,2011,*
2024年總統副總統選舉,2024,臺北市,中山區,下埤里,2024年總統副總統選舉,3,侯友宜,中國國民黨,1636,
2024年總統副總統選舉,2024,臺北市,中山區,江寧里,2024年總統副總統選舉,1,柯文哲,台灣民眾黨,943,
2024年總統副總統選舉,2024,臺北市,中山區,江寧里,2024年總統副總統選舉,2,賴清德,民主進步黨,1729,*
2024年總統副總統選舉,2024,臺北市,中山區,江寧里,2024年總統副總統選舉,3,侯友宜,中國國民黨,1576,
2024年總統副總統選舉,2024,臺北市,中山區,江山里,2024年總統副總統選舉,1,柯文哲,台灣民眾黨,980,
2024年總統副總統選舉,2024,臺北市,中山區,江山里,2024年總統副總統選舉,2,賴清德,民主進步黨,2076,*
2024年總統副總統選舉,2024,臺北市,中山區,江山里,2024年總統副總統選舉,3,侯友宜,中國國民黨,1583,
2024年總統副總統選舉,2024,臺北市,中山區,中吉里,2024年總統副總統選舉,1,柯文哲,台灣民眾黨,796,
2024年總統副總統選舉,2024,臺北市,中山區,中吉里,2024年總統副總統選舉,2,賴清德,民主進步黨,1543,*
2024年總統副總統選舉,2024,臺北市,中山區,中吉里,2024年總統副總統選舉,3,侯友宜,中國國民黨,1072,
2024年總統副總統選舉,2024,臺北市,中山區,中原里,2024年總統副總統選舉,1,柯文哲,台灣民眾黨,606,
2024年總統副總統選舉,2024,臺北市,中山區,中原里,2024年總統副總統選舉,2,賴清德,民主進步黨,1423,*
2024年總統副總統選舉,2024,臺北市,中山區,中原里,2024年總統副總統選舉,3,侯友宜,中國國民黨,1064,
2024年總統副總統選舉,2024,臺北市,中山區,興亞里,2024年總統副總統選舉,1,柯文哲,台灣民眾黨,704,
2024年總統副總統選舉,2024,臺北市,中山區,興亞里,2024年總統副總統選舉,2,賴清德,民主進步黨,1500,*
2024年總統副總統選舉,2024,臺北市,中山區,興亞里,2024年總統副總統選舉,3,侯友宜,中國國民黨,1169,
2024年總統副總統選舉,2024,臺北市,中山區,中央里,2024年總統副總統選舉,1,柯文哲,台灣民眾黨,518,
2024年總統副總統選舉,2024,臺北市,中山區,中央里,2024年總統副總統選舉,2,賴清德,民主進步黨,958,*
2024年總統副總統選舉,2024,臺北市,中山區,中央里,2024年總統副總統選舉,3,侯友宜,中國國民黨,790,
2024年總統副總統選舉,2024,臺北市,中山區,朱馥里,2024年總統副總統選舉,1,柯文哲,台灣民眾黨,785,
2024年總統副總統選舉,2024,臺北市,中山區,朱馥里,2024年總統副總統選舉,2,賴清德,民主進步黨,1328,*
2024年總統副總統選舉,2024,臺北市,中山區,朱馥里,2024年總統副總統選舉,3,侯友宜,中國國民黨,1272,
2024年總統副總統選舉,2024,臺北市,中山區,龍洲里,2024年總統副總統選舉,1,柯文哲,台灣民眾黨,699,
2024年總統副總統選舉,2024,臺北市,中山區,龍洲里,2024年總統副總統選舉,2,賴清德,民主進步黨,817,*
2024年總統副總統選舉,2024,臺北市,中山區,龍洲里,2024年總統副總統選舉,3,侯友宜,中國國民黨,1659,
2024年總統副總統選舉,2024,臺北市,中山區,朱園里,2024年總統副總統選舉,1,柯文哲,台灣民眾黨,582,
2024年總統副總統選舉,2024,臺北市,中山區,朱園里,2024年總統副總統選舉,2,賴清德,民主進步黨,1209,*
2024年總統副總統選舉,2024,臺北市,中山區,朱園里,2024年總統副總統選舉,3,侯友宜,中國國民黨,969,
2024年總統副總統選舉,2024,臺北市,中山區,埤頭里,2024年總統副總統選舉,1,柯文哲,台灣民眾黨,408,
2024年總統副總統選舉,2024,臺北市,中山區,埤頭里,2024年總統副總統選舉,2,賴清德,民主進步黨,790,*
2024年總統副總統選舉,2024,臺北市,中山區,埤頭里,2024年總統副總統選舉,3,侯友宜,中國國民黨,783,
2024年總統副總統選舉,2024,臺北市,中山區,朱崙里,2024年總統副總統選舉,1,柯文哲,台灣民眾黨,437,
2024年總統副總統選舉,2024,臺北市,中山區,朱崙里,2024年總統副總統選舉,2,賴清德,民主進步黨,790,*
2024年總統副總統選舉,2024,臺北市,中山區,朱崙里,2024年總統副總統選舉,3,侯友宜,中國國民黨,683,
2024年總統副總統選舉,2024,臺北市,中山區,力行里,2024年總統副總統選舉,1,柯文哲,台灣民眾黨,758,
2024年總統副總統選舉,2024,臺北市,中山區,力行里,2024年總統副總統選舉,2,賴清德,民主進步黨,1639,*
2024年總統副總統選舉,2024,臺北市,中山區,力行里,2024年總統副總統選舉,3,侯友宜,中國國民黨,1333,
2024年總統副總統選舉,2024,臺北市,中山區,復華里,2024年總統副總統選舉,1,柯文哲,台灣民眾黨,581,
2024年總統副總統選舉,2024,臺北市,中山區,復華里,2024年總統副總統選舉,2,賴清德,民主進步黨,1005,*
2024年總統副總統選舉,2024,臺北市,中山區,復華里,2024年總統副總統選舉,3,侯友宜,中國國民黨,1219,
2024年總統副總統選舉,2024,臺北市,中山區,金泰里,2024年總統副總統選舉,1,柯文哲,台灣民眾黨,1199,
2024年總統副總統選舉,2024,臺北市,中山區,金泰里,2024年總統副總統選舉,2,賴清德,民主進步黨,1718,*
2024年總統副總統選舉,2024,臺北市,中山區,金泰里,2024年總統副總統選舉,3,侯友宜,中國國民黨,1781,
2024年總統副總統選舉,2024,臺北市,中山區,北安里,2024年總統副總統選舉,1,柯文哲,台灣民眾黨,323,
2024年總統副總統選舉,2024,臺北市,中山區,北安里,2024年總統副總統選舉,2,賴清德,民主進步黨,547,*
2024年總統副總統選舉,2024,臺北市,中山區,北安里,2024年總統副總統選舉,3,侯友宜,中國國民黨,683,
2024年總統副總統選舉,2024,臺北市,中正區,水源里,2024年總統副總統選舉,1,柯文哲,台灣民眾黨,388,
2024年總統副總統選舉,2024,臺北市,中正區,水源里,2024年總統副總統選舉,2,賴清德,民主進步黨,720,*
2024年總統副總統選舉,2024,臺北市,中正區,水源里,2024年總統副總統選舉,3,侯友宜,中國國民黨,659,
2024年總統副總統選舉,2024,臺北市,中正區,富水里,2024年總統副總統選舉,1,柯文哲,台灣民眾黨,389,
2024年總統副總統選舉,2024,臺北市,中正區,富水里,2024年總統副總統選舉,2,賴清德,民主進步黨,385,*
2024年總統副總統選舉,2024,臺北市,中正區,富水里,2024年總統副總統選舉,3,侯友宜,中國國民黨,612,
2024年總統副總統選舉,2024,臺北市,中正區,文盛里,2024年總統副總統選舉,1,柯文哲,台灣民眾黨,354,
2024年總統副總統選舉,2024,臺北市,中正區,文盛里,2024年總統副總統選舉,2,賴清德,民主進步黨,634,*
2024年總統副總統選舉,2024,臺北市,中正區,文盛里,2024年總統副總統選舉,3,侯友宜,中國國民黨,628,
2024年總統副總統選舉,2024,臺北市,中正區,林興里,2024年總統副總統選舉,1,柯文哲,台灣民眾黨,744,
2024年總統副總統選舉,2024,臺北市,中正區,林興里,2024年總統副總統選舉,2,賴清德,民主進步黨,949,*
2024年總統副總統選舉,2024,臺北市,中正區,林興里,2024年總統副總統選舉,3,侯友宜,中國國民黨,1233,
2024年總統副總統選舉,2024,臺北市,中正區,河堤里,2024年總統副總統選舉,1,柯文哲,台灣民眾黨,624,
2024年總統副總統選舉,2024,臺北市,中正區,河堤里,2024年總統副總統選舉,2,賴清德,民主進步黨,959,*
2024年總統副總統選舉,2024,臺北市,中正區,河堤里,2024年總統副總統選舉,3,侯友宜,中國國民黨,1169,
2024年總統副總統選舉,2024,臺北市,中正區,頂東里,2024年總統副總統選舉,1,柯文哲,台灣民眾黨,833,
2024年總統副總統選舉,2024,臺北市,中正區,頂東里,2024年總統副總統選舉,2,賴清德,民主進步黨,1446,*
2024年總統副總統選舉,2024,臺北市,中正區,頂東里,2024年總統副總統選舉,3,侯友宜,中國國民黨,1514,
2024年總統副總統選舉,2024,臺北市,中正區,網溪里,2024年總統副總統選舉,1,柯文哲,台灣民眾黨,818,
2024年總統副總統選舉,2024,臺北市,中正區,網溪里,2024年總統副總統選舉,2,賴清德,民主進步黨,1309,*
2024年總統副總統選舉,2024,臺北市,中正區,網溪里,2024年總統副總統選舉,3,侯友宜,中國國民黨,1408,
2024年總統副總統選舉,2024,臺北市,中正區,板溪里,2024年總統副總統選舉,1,柯文哲,台灣民眾黨,508,
2024年總統副總統選舉,2024,臺北市,中正區,板溪里,2024年總統副總統選舉,2,賴清德,民主進步黨,757,*
2024年總統副總統選舉,2024,臺北市,中正區,板溪里,2024年總統副總統選舉,3,侯友宜,中國國民黨,921,
2024年總統副總統選舉,2024,臺北市,中正區,螢圃里,2024年總統副總統選舉,1,柯文哲,台灣民眾黨,839,
2024年總統副總統選舉,2024,臺北市,中正區,螢圃里,2024年總統副總統選舉,2,賴清德,民主進步黨,1212,*
2024年總統副總統選舉,2024,臺北市,中正區,螢圃里,2024年總統副總統選舉,3,侯友宜,中國國民黨,1467,
2024年總統副總統選舉,2024,臺北市,中正區,螢雪里,2024年總統副總統選舉,1,柯文哲,台灣民眾黨,664,
2024年總統副總統選舉,2024,臺北市,中正區,螢雪里,2024年總統副總統選舉,2,賴清德,民主進步黨,898,*
2024年總統副總統選舉,2024,臺北市,中正區,螢雪里,2024年總統副總統選舉,3,侯友宜,中國國民黨,1046,
2024年總統副總統選舉,2024,臺北市,中正區,永功里,2024年總統副總統選舉,1,柯文哲,台灣民眾黨,926,
2024年總統副總統選舉,2024,臺北市,中正區,永功里,2024年總統副總統選舉,2,賴清德,民主進步黨,1490,*
2024年總統副總統選舉,2024,臺北市,中正區,永功里,2024年總統副總統選舉,3,侯友宜,中國國民黨,1329,
2024年總統副總統選舉,2024,臺北市,中正區,永昌里,2024年總統副總統選舉,1,柯文哲,台灣民眾黨,666,
2024年總統副總統選舉,2024,臺北市,中正區,永昌里,2024年總統副總統選舉,2,賴清德,民主進步黨,1057,*
2024年總統副總統選舉,2024,臺北市,中正區,永昌里,2024年總統副總統選舉,3,侯友宜,中國國民黨,1145,
2024年總統副總統選舉,2024,臺北市,中正區,龍興里,2024年總統副總統選舉,1,柯文哲,台灣民眾黨,543,
2024年總統副總統選舉,2024,臺北市,中正區,龍興里,2024年總統副總統選舉,2,賴清德,民主進步黨,761,*
2024年總統副總統選舉,2024,臺北市,中正區,龍興里,2024年總統副總統選舉,3,侯友宜,中國國民黨,705,
2024年總統副總統選舉,2024,臺北市,中正區,忠勤里,2024年總統副總統選舉,1,柯文哲,台灣民眾黨,934,
2024年總統副總統選舉,2024,臺北市,中正區,忠勤里,2024年總統副總統選舉,2,賴清德,民主進步黨,1216,*
2024年總統副總統選舉,2024,臺北市,中正區,忠勤里,2024年總統副總統選舉,3,侯友宜,中國國民黨,1540,
2024年總統副總統選舉,2024,臺北市,中正區,廈安里,2024年總統副總統選舉,1,柯文哲,台灣民眾黨,700,
2024年總統副總統選舉,2024,臺北市,中正區,廈安里,2024年總統副總統選舉,2,賴清德,民主進步黨,951,*
2024年總統副總統選舉,2024,臺北市,中正區,廈安里,2024年總統副總統選舉,3,侯友宜,中國國民黨,840,
2024年總統副總統選舉,2024,臺北市,中正區,愛國里,2024年總統副總統選舉,1,柯文哲,台灣民眾黨,471,
2024年總統副總統選舉,2024,臺北市,中正區,愛國里,2024年總統副總統選舉,2,賴清德,民主進步黨,728,*
2024年總統副總統選舉,2024,臺北市,中正區,愛國里,2024年總統副總統選舉,3,侯友宜,中國國民黨,707,
2024年總統副總統選舉,2024,臺北市,中正區,南門里,2024年總統副總統選舉,1,柯文哲,台灣民眾黨,368,
2024年總統副總統選舉,2024,臺北市,中正區,南門里,2024年總統副總統選舉,2,賴清德,民主進步黨,507,*
2024年總統副總統選舉,2024,臺北市,中正區,南門里,2024年總統副總統選舉,3,侯友宜,中國國民黨,674,
2024年總統副總統選舉,2024,臺北市,中正區,龍光里,2024年總統副總統選舉,1,柯文哲,台灣民眾黨,445,
2024年總統副總統選舉,2024,臺北市,中正區,龍光里,2024年總統副總統選舉,2,賴清德,民主進步黨,653,*
2024年總統副總統選舉,2024,臺北市,中正區,龍光里,2024年總統副總統選舉,3,侯友宜,中國國民黨,742,
2024年總統副總統選舉,2024,臺北市,中正區,南福里,2024年總統副總統選舉,1,柯文哲,台灣民眾黨,1716,
2024年總統副總統選舉,2024,臺北市,中正區,南福里,2024年總統副總統選舉,2,賴清德,民主進步黨,2326,*
2024年總統副總統選舉,2024,臺北市,中正區,南福里,2024年總統副總統選舉,3,侯友宜,中國國民黨,2649,
2024年總統副總統選舉,2024,臺北市,中正區,龍福里,2024年總統副總統選舉,1,柯文哲,台灣民眾黨,744,
2024年總統副總統選舉,2024,臺北市,中正區,龍福里,2024年總統副總統選舉,2,賴清德,民主進步黨,1101,*
2024年總統副總統選舉,2024,臺北市,中正區,龍福里,2024年總統副總統選舉,3,侯友宜,中國國民黨,1099,
2024年總統副總統選舉,2024,臺北市,中正區,新營里,2024年總統副總統選舉,1,柯文哲,台灣民眾黨,1303,
2024年總統副總統選舉,2024,臺北市,中正區,新營里,2024年總統副總統選舉,2,賴清德,民主進步黨,1583,*
2024年總統副總統選舉,2024,臺北市,中正區,新營里,2024年總統副總統選舉,3,侯友宜,中國國民黨,2001,
2024年總統副總統選舉,2024,臺北市,中正區,建國里,2024年總統副總統選舉,1,柯文哲,台灣民眾黨,255,
2024年總統副總統選舉,2024,臺北市,中正區,建國里,2024年總統副總統選舉,2,賴清德,民主進步黨,321,*
2024年總統副總統選舉,2024,臺北市,中正區,建國里,2024年總統副總統選舉,3,侯友宜,中國國民黨,365,
2024年總統副總統選舉,2024,臺北市,中正區,光復里,2024年總統副總統選舉,1,柯文哲,台灣民眾黨,576,
2024年總統副總統選舉,2024,臺北市,中正區,光復里,2024年總統副總統選舉,2,賴清德,民主進步黨,812,*
2024年總統副總統選舉,2024,臺北市,中正區,光復里,2024年總統副總統選舉,3,侯友宜,中國國民黨,806,
2024年總統副總統選舉,2024,臺北市,中正區,黎明里,2024年總統副總統選舉,1,柯文哲,台灣民眾黨,467,
2024年總統副總統選舉,2024,臺北市,中正區,黎明里,2024年總統副總統選舉,2,賴清德,民主進步黨,613,*
2024年總統副總統選舉,2024,臺北市,中正區,黎明里,2024年總統副總統選舉,3,侯友宜,中國國民黨,693,
2024年總統副總統選舉,2024,臺北市,中正區,梅花里,2024年總統副總統選舉,1,柯文哲,台灣民眾黨,420,
2024年總統副總統選舉,2024,臺北市,中正區,梅花里,2024年總統副總統選舉,2,賴清德,民主進步黨,775,*
2024年總統副總統選舉,2024,臺北市,中正區,梅花里,2024年總統副總統選舉,3,侯友宜,中國國民黨,715,
2024年總統副總統選舉,2024,臺北市,中正區,幸福里,2024年總統副總統選舉,1,柯文哲,台灣民眾黨,690,
2024年總統副總統選舉,2024,臺北市,中正區,幸福里,2024年總統副總統選舉,2,賴清德,民主進步黨,1108,*
2024年總統副總統選舉,2024,臺北市,中正區,幸福里,2024年總統副總統選舉,3,侯友宜,中國國民黨,1147,
2024年總統副總統選舉,2024,臺北市,中正區,幸市里,2024年總統副總統選舉,1,柯文哲,台灣民眾黨,495,
2024年總統副總統選舉,2024,臺北市,中正區,幸市里,2024年總統副總統選舉,2,賴清德,民主進步黨,1127,*
2024年總統副總統選舉,2024,臺北市,中正區,幸市里,2024年總統副總統選舉,3,侯友宜,中國國民黨,1029,
2024年總統副總統選舉,2024,臺北市,中正區,東門里,2024年總統副總統選舉,1,柯文哲,台灣民眾黨,486,
2024年總統副總統選舉,2024,臺北市,中正區,東門里,2024年總統副總統選舉,2,賴清德,民主進步黨,777,*
2024年總統副總統選舉,2024,臺北市,中正區,東門里,2024年總統副總統選舉,3,侯友宜,中國國民黨,953,
2024年總統副總統選舉,2024,臺北市,中正區,文北里,2024年總統副總統選舉,1,柯文哲,台灣民眾黨,690,
2024年總統副總統選舉,2024,臺北市,中正區,文北里,2024年總統副總統選舉,2,賴清德,民主進步黨,1325,*
2024年總統副總統選舉,2024,臺北市,中正區,文北里,2024年總統副總統選舉,3,侯友宜,中國國民黨,1255,
2024年總統副總統選舉,2024,臺北市,中正區,文祥里,2024年總統副總統選舉,1,柯文哲,台灣民眾黨,1118,
2024年總統副總統選舉,2024,臺北市,中正區,文祥里,2024年總統副總統選舉,2,賴清德,民主進步黨,1735,*
2024年總統副總統選舉,2024,臺北市,中正區,文祥里,2024年總統副總統選舉,3,侯友宜,中國國民黨,1727,
2024年總統副總統選舉,2024,臺北市,中正區,三愛里,2024年總統副總統選舉,1,柯文哲,台灣民眾黨,1104,
2024年總統副總統選舉,2024,臺北市,中正區,三愛里,2024年總統副總統選舉,2,賴清德,民主進步黨,1961,*
2024年總統副總統選舉,2024,臺北市,中正區,三愛里,2024年總統副總統選舉,3,侯友宜,中國國民黨,1955,
2024年總統副總統選舉,2024,臺北市,大同區,玉泉里,2024年總統副總統選舉,1,柯文哲,台灣民眾黨,394,
2024年總統副總統選舉,2024,臺北市,大同區,玉泉里,2024年總統副總統選舉,2,賴清德,民主進步黨,808,*
2024年總統副總統選舉,2024,臺北市,大同區,玉泉里,2024年總統副總統選舉,3,侯友宜,中國國民黨,553,
2024年總統副總統選舉,2024,臺北市,大同區,建明里,2024年總統副總統選舉,1,柯文哲,台灣民眾黨,438,
2024年總統副總統選舉,2024,臺北市,大同區,建明里,2024年總統副總統選舉,2,賴清德,民主進步黨,900,*
2024年總統副總統選舉,2024,臺北市,大同區,建明里,2024年總統副總統選舉,3,侯友宜,中國國民黨,575,
2024年總統副總統選舉,2024,臺北市,大同區,建功里,2024年總統副總統選舉,1,柯文哲,台灣民眾黨,711,
2024年總統副總統選舉,2024,臺北市,大同區,建功里,2024年總統副總統選舉,2,賴清德,民主進步黨,1311,*
2024年總統副總統選舉,2024,臺北市,大同區,建功里,2024年總統副總統選舉,3,侯友宜,中國國民黨,843,
2024年總統副總統選舉,2024,臺北市,大同區,建泰里,2024年總統副總統選舉,1,柯文哲,台灣民眾黨,535,
2024年總統副總統選舉,2024,臺北市,大同區,建泰里,2024年總統副總統選舉,2,賴清德,民主進步黨,1025,*
2024年總統副總統選舉,2024,臺北市,大同區,建泰里,2024年總統副總統選舉,3,侯友宜,中國國民黨,606,
2024年總統副總統選舉,2024,臺北市,大同區,永樂里,2024年總統副總統選舉,1,柯文哲,台灣民眾黨,779,
2024年總統副總統選舉,2024,臺北市,大同區,永樂里,2024年總統副總統選舉,2,賴清德,民主進步黨,1529,*
2024年總統副總統選舉,2024,臺北市,大同區,永樂里,2024年總統副總統選舉,3,侯友宜,中國國民黨,823,
2024年總統副總統選舉,2024,臺北市,大同區,朝陽里,2024年總統副總統選舉,1,柯文哲,台灣民眾黨,662,
2024年總統副總統選舉,2024,臺北市,大同區,朝陽里,2024年總統副總統選舉,2,賴清德,民主進步黨,1269,*
2024年總統副總統選舉,2024,臺北市,大同區,朝陽里,2024年總統副總統選舉,3,侯友宜,中國國民黨,746,
2024年總統副總統選舉,2024,臺北市,大同區,星明里,2024年總統副總統選舉,1,柯文哲,台灣民眾黨,852,
2024年總統副總統選舉,2024,臺北市,大同區,星明里,2024年總統副總統選舉,2,賴清德,民主進步黨,1461,*
2024年總統副總統選舉,2024,臺北市,大同區,星明里,2024年總統副總統選舉,3,侯友宜,中國國民黨,1057,
2024年總統副總統選舉,2024,臺北市,大同區,光能里,2024年總統副總統選舉,1,柯文哲,台灣民眾黨,853,
2024年總統副總統選舉,2024,臺北市,大同區,光能里,2024年總統副總統選舉,2,賴清德,民主進步黨,1421,*
2024年總統副總統選舉,2024,臺北市,大同區,光能里,2024年總統副總統選舉,3,侯友宜,中國國民黨,882,
2024年總統副總統選舉,2024,臺北市,大同區,大有里,2024年總統副總統選舉,1,柯文哲,台灣民眾黨,693,
2024年總統副總統選舉,2024,臺北市,大同區,大有里,2024年總統副總統選舉,2,賴清德,民主進步黨,1389,*
2024年總統副總統選舉,2024,臺北市,大同區,大有里,2024年總統副總統選舉,3,侯友宜,中國國民黨,714,
2024年總統副總統選舉,2024,臺北市,大同區,延平里,2024年總統副總統選舉,1,柯文哲,台灣民眾黨,574,
2024年總統副總統選舉,2024,臺北市,大同區,延平里,2024年總統副總統選舉,2,賴清德,民主進步黨,1114,*
2024年總統副總統選舉,2024,臺北市,大同區,延平里,2024年總統副總統選舉,3,侯友宜,中國國民黨,748,
2024年總統副總統選舉,2024,臺北市,大同區,雙連里,2024年總統副總統選舉,1,柯文哲,台灣民眾黨,1343,
2024年總統副總統選舉,2024,臺北市,大同區,雙連里,2024年總統副總統選舉,2,賴清德,民主進步黨,2533,*
2024年總統副總統選舉,2024,臺北市,大同區,雙連里,2024年總統副總統選舉,3,侯友宜,中國國民黨,1622,
2024年總統副總統選舉,2024,臺北市,大同區,南芳里,2024年總統副總統選舉,1,柯文哲,台灣民眾黨,633,
2024年總統副總統選舉,2024,臺北市,大同區,南芳里,2024年總統副總統選舉,2,賴清德,民主進步黨,1139,*
2024年總統副總統選舉,2024,臺北市,大同區,南芳里,2024年總統副總統選舉,3,侯友宜,中國國民黨,764,
2024年總統副總統選舉,2024,臺北市,大同區,民權里,2024年總統副總統選舉,1,柯文哲,台灣民眾黨,972,
2024年總統副總統選舉,2024,臺北市,大同區,民權里,2024年總統副總統選舉,2,賴清德,民主進步黨,1761,*
2024年總統副總統選舉,2024,臺北市,大同區,民權里,2024年總統副總統選舉,3,侯友宜,中國國民黨,1213,
2024年總統副總統選舉,2024,臺北市,大同區,景星里,2024年總統副總統選舉,1,柯文哲,台灣民眾黨,337,
2024年總統副總統選舉,2024,臺北市,大同區,景星里,2024年總統副總統選舉,2,賴清德,民主進步黨,677,*
2024年總統副總統選舉,2024,臺北市,大同區,景星里,2024年總統副總統選舉,3,侯友宜,中國國民黨,416,
2024年總統副總統選舉,2024,臺北市,大同區,隆和里,2024年總統副總統選舉,1,柯文哲,台灣民眾黨,590,
2024年總統副總統選舉,2024,臺北市,大同區,隆和里,2024年總統副總統選舉,2,賴清德,民主進步黨,1021,*
2024年總統副總統選舉,2024,臺北市,大同區,隆和里,2024年總統副總統選舉,3,侯友宜,中國國民黨,595,
2024年總統副總統選舉,2024,臺北市,大同區,蓬萊里,2024年總統副總統選舉,1,柯文哲,台灣民眾黨,757,
2024年總統副總統選舉,2024,臺北市,大同區,蓬萊里,2024年總統副總統選舉,2,賴清德,民主進步黨,1380,*
2024年總統副總統選舉,2024,臺北市,大同區,蓬萊里,2024年總統副總統選舉,3,侯友宜,中國國民黨,921,
2024年總統副總統選舉,2024,臺北市,大同區,國順里,2024年總統副總統選舉,1,柯文哲,台灣民眾黨,439,
2024年總統副總統選舉,2024,臺北市,大同區,國順里,2024年總統副總統選舉,2,賴清德,民主進步黨,915,*
2024年總統副總統選舉,2024,臺北市,大同區,國順里,2024年總統副總統選舉,3,侯友宜,中國國民黨,486,
2024年總統副總統選舉,2024,臺北市,大同區,國慶里,2024年總統副總統選舉,1,柯文哲,台灣民眾黨,746,
2024年總統副總統選舉,2024,臺北市,大同區,國慶里,2024年總統副總統選舉,2,賴清德,民主進步黨,1339,*
2024年總統副總統選舉,2024,臺北市,大同區,國慶里,2024年總統副總統選舉,3,侯友宜,中國國民黨,814,
2024年總統副總統選舉,2024,臺北市,大同區,揚雅里,2024年總統副總統選舉,1,柯文哲,台灣民眾黨,512,
2024年總統副總統選舉,2024,臺北市,大同區,揚雅里,2024年總統副總統選舉,2,賴清德,民主進步黨,1057,*
2024年總統副總統選舉,2024,臺北市,大同區,揚雅里,2024年總統副總統選舉,3,侯友宜,中國國民黨,601,
2024年總統副總統選舉,2024,臺北市,大同區,斯文里,2024年總統副總統選舉,1,柯文哲,台灣民眾黨,784,
2024年總統副總統選舉,2024,臺北市,大同區,斯文里,2024年總統副總統選舉,2,賴清德,民主進步黨,1432,*
2024年總統副總統選舉,2024,臺北市,大同區,斯文里,2024年總統副總統選舉,3,侯友宜,中國國民黨,811,
2024年總統副總統選舉,2024,臺北市,大同區,鄰江里,2024年總統副總統選舉,1,柯文哲,台灣民眾黨,998,
2024年總統副總統選舉,2024,臺北市,大同區,鄰江里,2024年總統副總統選舉,2,賴清德,民主進步黨,1846,*
2024年總統副總統選舉,2024,臺北市,大同區,鄰江里,2024年總統副總統選舉,3,侯友宜,中國國民黨,1068,
2024年總統副總統選舉,2024,臺北市,大同區,至聖里,2024年總統副總統選舉,1,柯文哲,台灣民眾黨,1111,
2024年總統副總統選舉,2024,臺北市,大同區,至聖里,2024年總統副總統選舉,2,賴清德,民主進步黨,2269,*
2024年總統副總統選舉,2024,臺北市,大同區,至聖里,2024年總統副總統選舉,3,侯友宜,中國國民黨,1451,
2024年總統副總統選舉,2024,臺北市,大同區,老師里,2024年總統副總統選舉,1,柯文哲,台灣民眾黨,935,
2024年總統副總統選舉,2024,臺北市,大同區,老師里,2024年總統副總統選舉,2,賴清德,民主進步黨,1664,*
2024年總統副總統選舉,2024,臺北市,大同區,老師里,2024年總統副總統選舉,3,侯友宜,中國國民黨,926,
2024年總統副總統選舉,2024,臺北市,大同區,重慶里,2024年總統副總統選舉,1,柯文哲,台灣民眾黨,1052,
2024年總統副總統選舉,2024,臺北市,大同區,重慶里,2024年總統副總統選舉,2,賴清德,民主進步黨,1700,*
2024年總統副總統選舉,2024,臺北市,大同區,重慶里,2024年總統副總統選舉,3,侯友宜,中國國民黨,1331,
2024年總統副總統選舉,2024,臺北市,大同區,保安里,2024年總統副總統選舉,1,柯文哲,台灣民眾黨,785,
2024年總統副總統選舉,2024,臺北市,大同區,保安里,2024年總統副總統選舉,2,賴清德,民主進步黨,1310,*
2024年總統副總統選舉,2024,臺北市,大同區,保安里,2024年總統副總統選舉,3,侯友宜,中國國民黨,785,
2024年總統副總統選舉,2024,臺北市,萬華區,福星里,2024年總統副總統選舉,1,柯文哲,台灣民眾黨,762,
2024年總統副總統選舉,2024,臺北市,萬華區,福星里,2024年總統副總統選舉,2,賴清德,民主進步黨,1102,*
2024年總統副總統選舉,2024,臺北市,萬華區,福星里,2024年總統副總統選舉,3,侯友宜,中國國民黨,1263,
2024年總統副總統選舉,2024,臺北市,萬華區,萬壽里,2024年總統副總統選舉,1,柯文哲,台灣民眾黨,418,
2024年總統副總統選舉,2024,臺北市,萬華區,萬壽里,2024年總統副總統選舉,2,賴清德,民主進步黨,642,*
2024年總統副總統選舉,2024,臺北市,萬華區,萬壽里,2024年總統副總統選舉,3,侯友宜,中國國民黨,785,
2024年總統副總統選舉,2024,臺北市,萬華區,西門里,2024年總統副總統選舉,1,柯文哲,台灣民眾黨,494,
2024年總統副總統選舉,2024,臺北市,萬華區,西門里,2024年總統副總統選舉,2,賴清德,民主進步黨,759,*
2024年總統副總統選舉,2024,臺北市,萬華區,西門里,2024年總統副總統選舉,3,侯友宜,中國國民黨,837,
2024年總統副總統選舉,2024,臺北市,萬華區,新起里,2024年總統副總統選舉,1,柯文哲,台灣民眾黨,1138,
2024年總統副總統選舉,2024,臺北市,萬華區,新起里,2024年總統副總統選舉,2,賴清德,民主進步黨,1688,*
2024年總統副總統選舉,2024,臺北市,萬華區,新起里,2024年總統副總統選舉,3,侯友宜,中國國民黨,1495,
2024年總統副總統選舉,2024,臺北市,萬華區,菜園里,2024年總統副總統選舉,1,柯文哲,台灣民眾黨,959,
2024年總統副總統選舉,2024,臺北市,萬華區,菜園里,2024年總統副總統選舉,2,賴清德,民主進步黨,1611,*
2024年總統副總統選舉,2024,臺北市,萬華區,菜園里,2024年總統副總統選舉,3,侯友宜,中國國民黨,1200,
2024年總統副總統選舉,2024,臺北市,萬華區,青山里,2024年總統副總統選舉,1,柯文哲,台灣民眾黨,848,
2024年總統副總統選舉,2024,臺北市,萬華區,青山里,2024年總統副總統選舉,2,賴清德,民主進步黨,1569,*
2024年總統副總統選舉,2024,臺北市,萬華區,青山里,2024年總統副總統選舉,3,侯友宜,中國國民黨,1193,
2024年總統副總統選舉,2024,臺北市,萬華區,富民里,2024年總統副總統選舉,1,柯文哲,台灣民眾黨,661,
2024年總統副總統選舉,2024,臺北市,萬華區,富民里,2024年總統副總統選舉,2,賴清德,民主進步黨,1369,*
2024年總統副總統選舉,2024,臺北市,萬華區,富民里,2024年總統副總統選舉,3,侯友宜,中國國民黨,963,
2024年總統副總統選舉,2024,臺北市,萬華區,福音里,2024年總統副總統選舉,1,柯文哲,台灣民眾黨,633,
2024年總統副總統選舉,2024,臺北市,萬華區,福音里,2024年總統副總統選舉,2,賴清德,民主進步黨,1008,*
2024年總統副總統選舉,2024,臺北市,萬華區,福音里,2024年總統副總統選舉,3,侯友宜,中國國民黨,771,
2024年總統副總統選舉,2024,臺北市,萬華區,仁德里,2024年總統副總統選舉,1,柯文哲,台灣民眾黨,726,
2024年總統副總統選舉,2024,臺北市,萬華區,仁德里,2024年總統副總統選舉,2,賴清德,民主進步黨,1236,*
2024年總統副總統選舉,2024,臺北市,萬華區,仁德里,2024年總統副總統選舉,3,侯友宜,中國國民黨,994,
2024年總統副總統選舉,2024,臺北市,萬華區,富福里,2024年總統副總統選舉,1,柯文哲,台灣民眾黨,719,
2024年總統副總統選舉,2024,臺北市,萬華區,富福里,2024年總統副總統選舉,2,賴清德,民主進步黨,1330,*
2024年總統副總統選舉,2024,臺北市,萬華區,富福里,2024年總統副總統選舉,3,侯友宜,中國國民黨,889,
2024年總統副總統選舉,2024,臺北市,萬華區,頂碩里,2024年總統副總統選舉,1,柯文哲,台灣民眾黨,1042,
2024年總統副總統選舉,2024,臺北市,萬華區,頂碩里,2024年總統副總統選舉,2,賴清德,民主進步黨,2010,*
2024年總統副總統選舉,2024,臺北市,萬華區,頂碩里,2024年總統副總統選舉,3,侯友宜,中國國民黨,1297,
2024年總統副總統選舉,2024,臺北市,萬華區,雙園里,2024年總統副總統選舉,1,柯文哲,台灣民眾黨,831,
2024年總統副總統選舉,2024,臺北市,萬華區,雙園里,2024年總統副總統選舉,2,賴清德,民主進步黨,1218,*
2024年總統副總統選舉,2024,臺北市,萬華區,雙園里,2024年總統副總統選舉,3,侯友宜,中國國民黨,895,
2024年總統副總統選舉,2024,臺北市,萬華區,新忠里,2024年總統副總統選舉,1,柯文哲,台灣民眾黨,455,
2024年總統副總統選舉,2024,臺北市,萬華區,新忠里,2024年總統副總統選舉,2,賴清德,民主進步黨,438,*
2024年總統副總統選舉,2024,臺北市,萬華區,新忠里,2024年總統副總統選舉,3,侯友宜,中國國民黨,1238,
2024年總統副總統選舉,2024,臺北市,萬華區,新和里,2024年總統副總統選舉,1,柯文哲,台灣民眾黨,1277,
2024年總統副總統選舉,2024,臺北市,萬華區,新和里,2024年總統副總統選舉,2,賴清德,民主進步黨,1175,*
2024年總統副總統選舉,2024,臺北市,萬華區,新和里,2024年總統副總統選舉,3,侯友宜,中國國民黨,2830,
2024年總統副總統選舉,2024,臺北市,萬華區,糖廍里,2024年總統副總統選舉,1,柯文哲,台灣民眾黨,763,
2024年總統副總統選舉,2024,臺北市,萬華區,糖廍里,2024年總統副總統選舉,2,賴清德,民主進步黨,1505,*
2024年總統副總統選舉,2024,臺北市,萬華區,糖廍里,2024年總統副總統選舉,3,侯友宜,中國國民黨,1079,
2024年總統副總統選舉,2024,臺北市,萬華區,和平里,2024年總統副總統選舉,1,柯文哲,台灣民眾黨,980,
2024年總統副總統選舉,2024,臺北市,萬華區,和平里,2024年總統副總統選舉,2,賴清德,民主進步黨,1899,*
2024年總統副總統選舉,2024,臺北市,萬華區,和平里,2024年總統副總統選舉,3,侯友宜,中國國民黨,1097,
2024年總統副總統選舉,2024,臺北市,萬華區,綠堤里,2024年總統副總統選舉,1,柯文哲,台灣民眾黨,667,
2024年總統副總統選舉,2024,臺北市,萬華區,綠堤里,2024年總統副總統選舉,2,賴清德,民主進步黨,950,*
2024年總統副總統選舉,2024,臺北市,萬華區,綠堤里,2024年總統副總統選舉,3,侯友宜,中國國民黨,886,
2024年總統副總統選舉,2024,臺北市,萬華區,華江里,2024年總統副總統選舉,1,柯文哲,台灣民眾黨,1364,
2024年總統副總統選舉,2024,臺北市,萬華區,華江里,2024年總統副總統選舉,2,賴清德,民主進步黨,2109,*
2024年總統副總統選舉,2024,臺北市,萬華區,華江里,2024年總統副總統選舉,3,侯友宜,中國國民黨,1587,
2024年總統副總統選舉,2024,臺北市,萬華區,柳鄉里,2024年總統副總統選舉,1,柯文哲,台灣民眾黨,727,
2024年總統副總統選舉,2024,臺北市,萬華區,柳鄉里,2024年總統副總統選舉,2,賴清德,民主進步黨,1365,*
2024年總統副總統選舉,2024,臺北市,萬華區,柳鄉里,2024年總統副總統選舉,3,侯友宜,中國國民黨,883,
2024年總統副總統選舉,2024,臺北市,萬華區,日善里,2024年總統副總統選舉,1,柯文哲,台灣民眾黨,600,
2024年總統副總統選舉,2024,臺北市,萬華區,日善里,2024年總統副總統選舉,2,賴清德,民主進步黨,943,*
2024年總統副總統選舉,2024,臺北市,萬華區,日善里,2024年總統副總統選舉,3,侯友宜,中國國民黨,670,
2024年總統副總統選舉,2024,臺北市,萬華區,新安里,2024年總統副總統選舉,1,柯文哲,台灣民眾黨,843,
2024年總統副總統選舉,2024,臺北市,萬華區,新安里,2024年總統副總統選舉,2,賴清德,民主進步黨,1060,*
2024年總統副總統選舉,2024,臺北市,萬華區,新安里,2024年總統副總統選舉,3,侯友宜,中國國民黨,1441,
2024年總統副總統選舉,2024,臺北市,萬華區,忠德里,2024年總統副總統選舉,1,柯文哲,台灣民眾黨,744,
2024年總統副總統選舉,2024,臺北市,萬華區,忠德里,2024年總統副總統選舉,2,賴清德,民主進步黨,1191,*
2024年總統副總統選舉,2024,臺北市,萬華區,忠德里,2024年總統副總統選舉,3,侯友宜,中國國民黨,833,
2024年總統副總統選舉,2024,臺北市,萬華區,孝德里,2024年總統副總統選舉,1,柯文哲,台灣民眾黨,525,
2024年總統副總統選舉,2024,臺北市,萬華區,孝德里,2024年總統副總統選舉,2,賴清德,民主進步黨,949,*
2024年總統副總統選舉,2024,臺北市,萬華區,孝德里,2024年總統副總統選舉,3,侯友宜,中國國民黨,565,
2024年總統副總統選舉,2024,臺北市,萬華區,和德里,2024年總統副總統選舉,1,柯文哲,台灣民眾黨,947,
2024年總統副總統選舉,2024,臺北市,萬華區,和德里,2024年總統副總統選舉,2,賴清德,民主進步黨,1615,*
2024年總統副總統選舉,2024,臺北市,萬華區,和德里,2024年總統副總統選舉,3,侯友宜,中國國民黨,1066,
2024年總統副總統選舉,2024,臺北市,萬華區,錦德里,2024年總統副總統選舉,1,柯文哲,台灣民眾黨,892,
2024年總統副總統選舉,2024,臺北市,萬華區,錦德里,2024年總統副總統選舉,2,賴清德,民主進步黨,1441,*
2024年總統副總統選舉,2024,臺北市,萬華區,錦德里,2024年總統副總統選舉,3,侯友宜,中國國民黨,1007,
2024年總統副總統選舉,2024,臺北市,萬華區,全德里,2024年總統副總統選舉,1,柯文哲,台灣民眾黨,666,
2024年總統副總統選舉,2024,臺北市,萬華區,全德里,2024年總統副總統選舉,2,賴清德,民主進步黨,1073,*
2024年總統副總統選舉,2024,臺北市,萬華區,全德里,2024年總統副總統選舉,3,侯友宜,中國國民黨,868,
2024年總統副總統選舉,2024,臺北市,萬華區,保德里,2024年總統副總統選舉,1,柯文哲,台灣民眾黨,493,
2024年總統副總統選舉,2024,臺北市,萬華區,保德里,2024年總統副總統選舉,2,賴清德,民主進步黨,812,*
2024年總統副總統選舉,2024,臺北市,萬華區,保德里,2024年總統副總統選舉,3,侯友宜,中國國民黨,693,
2024年總統副總統選舉,2024,臺北市,萬華區,銘德里,2024年總統副總統選舉,1,柯文哲,台灣民眾黨,774,
2024年總統副總統選舉,2024,臺北市,萬華區,銘德里,2024年總統副總統選舉,2,賴清德,民主進步黨,1178,*
2024年總統副總統選舉,2024,臺北市,萬華區,銘德里,2024年總統副總統選舉,3,侯友宜,中國國民黨,865,
2024年總統副總統選舉,2024,臺北市,萬華區,榮德里,2024年總統副總統選舉,1,柯文哲,台灣民眾黨,537,
2024年總統副總統選舉,2024,臺北市,萬華區,榮德里,2024年總統副總統選舉,2,賴清德,民主進步黨,926,*
2024年總統副總統選舉,2024,臺北市,萬華區,榮德里,2024年總統副總統選舉,3,侯友宜,中國國民黨,697,
2024年總統副總統選舉,2024,臺北市,萬華區,壽德里,2024年總統副總統選舉,1,柯文哲,台灣民眾黨,756,
2024年總統副總統選舉,2024,臺北市,萬華區,壽德里,2024年總統副總統選舉,2,賴清德,民主進步黨,1223,*
2024年總統副總統選舉,2024,臺北市,萬華區,壽德里,2024年總統副總統選舉,3,侯友宜,中國國民黨,1005,
2024年總統副總統選舉,2024,臺北市,萬華區,興德里,2024年總統副總統選舉,1,柯文哲,台灣民眾黨,730,
2024年總統副總統選舉,2024,臺北市,萬華區,興德里,2024年總統副總統選舉,2,賴清德,民主進步黨,1146,*
2024年總統副總統選舉,2024,臺北市,萬華區,興德里,2024年總統副總統選舉,3,侯友宜,中國國民黨,767,
2024年總統副總統選舉,2024,臺北市,萬華區,華中里,2024年總統副總統選舉,1,柯文哲,台灣民眾黨,896,
2024年總統副總統選舉,2024,臺北市,萬華區,華中里,2024年總統副總統選舉,2,賴清德,民主進步黨,1649,*
2024年總統副總統選舉,2024,臺北市,萬華區,華中里,2024年總統副總統選舉,3,侯友宜,中國國民黨,1222,
2024年總統副總統選舉,2024,臺北市,萬華區,日祥里,2024年總統副總統選舉,1,柯文哲,台灣民眾黨,958,
2024年總統副總統選舉,2024,臺北市,萬華區,日祥里,2024年總統副總統選舉,2,賴清德,民主進步黨,1144,*
2024年總統副總統選舉,2024,臺北市,萬華區,日祥里,2024年總統副總統選舉,3,侯友宜,中國國民黨,1632,
2024年總統副總統選舉,2024,臺北市,萬華區,忠貞里,2024年總統副總統選舉,1,柯文哲,台灣民眾黨,611,
2024年總統副總統選舉,2024,臺北市,萬華區,忠貞里,2024年總統副總統選舉,2,賴清德,民主進步黨,801,*
2024年總統副總統選舉,2024,臺北市,萬華區,忠貞里,2024年總統副總統選舉,3,侯友宜,中國國民黨,1486,
2024年總統副總統選舉,2024,臺北市,萬華區,凌霄里,2024年總統副總統選舉,1,柯文哲,台灣民眾黨,570,
2024年總統副總統選舉,2024,臺北市,萬華區,凌霄里,2024年總統副總統選舉,2,賴清德,民主進步黨,628,*
2024年總統副總統選舉,2024,臺北市,萬華區,凌霄里,2024年總統副總統選舉,3,侯友宜,中國國民黨,1032,
2024年總統副總統選舉,2024,臺北市,萬華區,騰雲里,2024年總統副總統選舉,1,柯文哲,台灣民眾黨,491,
2024年總統副總統選舉,2024,臺北市,萬華區,騰雲里,2024年總統副總統選舉,2,賴清德,民主進步黨,607,*
2024年總統副總統選舉,2024,臺北市,萬華區,騰雲里,2024年總統副總統選舉,3,侯友宜,中國國民黨,874,
2024年總統副總統選舉,2024,臺北市,文山區,景行里,2024年總統副總統選舉,1,柯文哲,台灣民眾黨,1221,
2024年總統副總統選舉,2024,臺北市,文山區,景行里,2024年總統副總統選舉,2,賴清德,民主進步黨,1694,*
2024年總統副總統選舉,2024,臺北市,文山區,景行里,2024年總統副總統選舉,3,侯友宜,中國國民黨,1743,
2024年總統副總統選舉,2024,臺北市,文山區,景東里,2024年總統副總統選舉,1,柯文哲,台灣民眾黨,1107,
2024年總統副總統選舉,2024,臺北市,文山區,景東里,2024年總統副總統選舉,2,賴清德,民主進步黨,1273,*
2024年總統副總統選舉,2024,臺北市,文山區,景東里,2024年總統副總統選舉,3,侯友宜,中國國民黨,1943,
2024年總統副總統選舉,2024,臺北市,文山區,景美里,2024年總統副總統選舉,1,柯文哲,台灣民眾黨,767,
2024年總統副總統選舉,2024,臺北市,文山區,景美里,2024年總統副總統選舉,2,賴清德,民主進步黨,1073,*
2024年總統副總統選舉,2024,臺北市,文山區,景美里,2024年總統副總統選舉,3,侯友宜,中國國民黨,1264,
2024年總統副總統選舉,2024,臺北市,文山區,景慶里,2024年總統副總統選舉,1,柯文哲,台灣民眾黨,957,
2024年總統副總統選舉,2024,臺北市,文山區,景慶里,2024年總統副總統選舉,2,賴清德,民主進步黨,1280,*
2024年總統副總統選舉,2024,臺北市,文山區,景慶里,2024年總統副總統選舉,3,侯友宜,中國國民黨,1583,
2024年總統副總統選舉,2024,臺北市,文山區,景仁里,2024年總統副總統選舉,1,柯文哲,台灣民眾黨,836,
2024年總統副總統選舉,2024,臺北市,文山區,景仁里,2024年總統副總統選舉,2,賴清德,民主進步黨,1128,*
2024年總統副總統選舉,2024,臺北市,文山區,景仁里,2024年總統副總統選舉,3,侯友宜,中國國民黨,1615,
2024年總統副總統選舉,2024,臺北市,文山區,景華里,2024年總統副總統選舉,1,柯文哲,台灣民眾黨,845,
2024年總統副總統選舉,2024,臺北市,文山區,景華里,2024年總統副總統選舉,2,賴清德,民主進步黨,1103,*
2024年總統副總統選舉,2024,臺北市,文山區,景華里,2024年總統副總統選舉,3,侯友宜,中國國民黨,1478,
2024年總統副總統選舉,2024,臺北市,文山區,萬有里,2024年總統副總統選舉,1,柯文哲,台灣民眾黨,837,
2024年總統副總統選舉,2024,臺北市,文山區,萬有里,2024年總統副總統選舉,2,賴清德,民主進步黨,1113,*
2024年總統副總統選舉,2024,臺北市,文山區,萬有里,2024年總統副總統選舉,3,侯友宜,中國國民黨,1515,
2024年總統副總統選舉,2024,臺北市,文山區,萬祥里,2024年總統副總統選舉,1,柯文哲,台灣民眾黨,675,
2024年總統副總統選舉,2024,臺北市,文山區,萬祥里,2024年總統副總統選舉,2,賴清德,民主進步黨,985,*
2024年總統副總統選舉,2024,臺北市,文山區,萬祥里,2024年總統副總統選舉,3,侯友宜,中國國民黨,1129,
2024年總統副總統選舉,2024,臺北市,文山區,萬隆里,2024年總統副總統選舉,1,柯文哲,台灣民眾黨,1052,
2024年總統副總統選舉,2024,臺北市,文山區,萬隆里,2024年總統副總統選舉,2,賴清德,民主進步黨,1385,*
2024年總統副總統選舉,2024,臺北市,文山區,萬隆里,2024年總統副總統選舉,3,侯友宜,中國國民黨,1991,
2024年總統副總統選舉,2024,臺北市,文山區,萬年里,2024年總統副總統選舉,1,柯文哲,台灣民眾黨,735,
2024年總統副總統選舉,2024,臺北市,文山區,萬年里,2024年總統副總統選舉,2,賴清德,民主進步黨,1164,*
2024年總統副總統選舉,2024,臺北市,文山區,萬年里,2024年總統副總統選舉,3,侯友宜,中國國民黨,1401,
2024年總統副總統選舉,2024,臺北市,文山區,萬和里,2024年總統副總統選舉,1,柯文哲,台灣民眾黨,499,
2024年總統副總統選舉,2024,臺北市,文山區,萬和里,2024年總統副總統選舉,2,賴清德,民主進步黨,548,*
2024年總統副總統選舉,2024,臺北市,文山區,萬和里,2024年總統副總統選舉,3,侯友宜,中國國民黨,1139,
2024年總統副總統選舉,2024,臺北市,文山區,萬盛里,2024年總統副總統選舉,1,柯文哲,台灣民眾黨,684,
2024年總統副總統選舉,2024,臺北市,文山區,萬盛里,2024年總統副總統選舉,2,賴清德,民主進步黨,933,*
2024年總統副總統選舉,2024,臺北市,文山區,萬盛里,2024年總統副總統選舉,3,侯友宜,中國國民黨,1310,
2024年總統副總統選舉,2024,臺北市,文山區,興豐里,2024年總統副總統選舉,1,柯文哲,台灣民眾黨,738,
2024年總統副總統選舉,2024,臺北市,文山區,興豐里,2024年總統副總統選舉,2,賴清德,民主進步黨,1000,*
2024年總統副總統選舉,2024,臺北市,文山區,興豐里,2024年總統副總統選舉,3,侯友宜,中國國民黨,1338,
2024年總統副總統選舉,2024,臺北市,文山區,興光里,2024年總統副總統選舉,1,柯文哲,台灣民眾黨,605,
2024年總統副總統選舉,2024,臺北市,文山區,興光里,2024年總統副總統選舉,2,賴清德,民主進步黨,747,*
2024年總統副總統選舉,2024,臺北市,文山區,興光里,2024年總統副總統選舉,3,侯友宜,中國國民黨,1058,
2024年總統副總統選舉,2024,臺北市,文山區,興家里,2024年總統副總統選舉,1,柯文哲,台灣民眾黨,1213,
2024年總統副總統選舉,2024,臺北市,文山區,興家里,2024年總統副總統選舉,2,賴清德,民主進步黨,1324,*
2024年總統副總統選舉,2024,臺北市,文山區,興家里,2024年總統副總統選舉,3,侯友宜,中國國民黨,2096,
2024年總統副總統選舉,2024,臺北市,文山區,興得里,2024年總統副總統選舉,1,柯文哲,台灣民眾黨,963,
2024年總統副總統選舉,2024,臺北市,文山區,興得里,2024年總統副總統選舉,2,賴清德,民主進步黨,1164,*
2024年總統副總統選舉,2024,臺北市,文山區,興得里,2024年總統副總統選舉,3,侯友宜,中國國民黨,1686,
2024年總統副總統選舉,2024,臺北市,文山區,興業里,2024年總統副總統選舉,1,柯文哲,台灣民眾黨,714,
2024年總統副總統選舉,2024,臺北市,文山區,興業里,2024年總統副總統選舉,2,賴清德,民主進步黨,939,*
2024年總統副總統選舉,2024,臺北市,文山區,興業里,2024年總統副總統選舉,3,侯友宜,中國國民黨,1658,
2024年總統副總統選舉,2024,臺北市,文山區,興安里,2024年總統副總統選舉,1,柯文哲,台灣民眾黨,1007,
2024年總統副總統選舉,2024,臺北市,文山區,興安里,2024年總統副總統選舉,2,賴清德,民主進步黨,1228,*
2024年總統副總統選舉,2024,臺北市,文山區,興安里,2024年總統副總統選舉,3,侯友宜,中國國民黨,1991,
2024年總統副總統選舉,2024,臺北市,文山區,興福里,2024年總統副總統選舉,1,柯文哲,台灣民眾黨,828,
2024年總統副總統選舉,2024,臺北市,文山區,興福里,2024年總統副總統選舉,2,賴清德,民主進步黨,1147,*
2024年總統副總統選舉,2024,臺北市,文山區,興福里,2024年總統副總統選舉,3,侯友宜,中國國民黨,1412,
2024年總統副總統選舉,2024,臺北市,文山區,興旺里,2024年總統副總統選舉,1,柯文哲,台灣民眾黨,1385,
2024年總統副總統選舉,2024,臺北市,文山區,興旺里,2024年總統副總統選舉,2,賴清德,民主進步黨,1389,*
2024年總統副總統選舉,2024,臺北市,文山區,興旺里,2024年總統副總統選舉,3,侯友宜,中國國民黨,2337,
2024年總統副總統選舉,2024,臺北市,文山區,興泰里,2024年總統副總統選舉,1,柯文哲,台灣民眾黨,668,
2024年總統副總統選舉,2024,臺北市,文山區,興泰里,2024年總統副總統選舉,2,賴清德,民主進步黨,852,*
2024年總統副總統選舉,2024,臺北市,文山區,興泰里,2024年總統副總統選舉,3,侯友宜,中國國民黨,1143,
2024年總統副總統選舉,2024,臺北市,文山區,興昌里,2024年總統副總統選舉,1,柯文哲,台灣民眾黨,943,
2024年總統副總統選舉,2024,臺北市,文山區,興昌里,2024年總統副總統選舉,2,賴清德,民主進步黨,1192,*
2024年總統副總統選舉,2024,臺北市,文山區,興昌里,2024年總統副總統選舉,3,侯友宜,中國國民黨,1828,
2024年總統副總統選舉,2024,臺北市,文山區,試院里,2024年總統副總統選舉,1,柯文哲,台灣民眾黨,1082,
2024年總統副總統選舉,2024,臺北市,文山區,試院里,2024年總統副總統選舉,2,賴清德,民主進步黨,1229,*
2024年總統副總統選舉,2024,臺北市,文山區,試院里,2024年總統副總統選舉,3,侯友宜,中國國民黨,2026,
2024年總統副總統選舉,2024,臺北市,文山區,華興里,2024年總統副總統選舉,1,柯文哲,台灣民眾黨,1290,
2024年總統副總統選舉,2024,臺北市,文山區,華興里,2024年總統副總統選舉,2,賴清德,民主進步黨,1678,*
2024年總統副總統選舉,2024,臺北市,文山區,華興里,2024年總統副總統選舉,3,侯友宜,中國國民黨,2514,
2024年總統副總統選舉,2024,臺北市,文山區,明義里,2024年總統副總統選舉,1,柯文哲,台灣民眾黨,686,
2024年總統副總統選舉,2024,臺北市,文山區,明義里,2024年總統副總統選舉,2,賴清德,民主進步黨,684,*
2024年總統副總統選舉,2024,臺北市,文山區,明義里,2024年總統副總統選舉,3,侯友宜,中國國民黨,1008,
2024年總統副總統選舉,2024,臺北市,文山區,明興里,2024年總統副總統選舉,1,柯文哲,台灣民眾黨,1094,
2024年總統副總統選舉,2024,臺北市,文山區,明興里,2024年總統副總統選舉,2,賴清德,民主進步黨,1249,*
2024年總統副總統選舉,2024,臺北市,文山區,明興里,2024年總統副總統選舉,3,侯友宜,中國國民黨,1872,
2024年總統副總統選舉,2024,臺北市,文山區,木柵里,2024年總統副總統選舉,1,柯文哲,台灣民眾黨,1446,
2024年總統副總統選舉,2024,臺北市,文山區,木柵里,2024年總統副總統選舉,2,賴清德,民主進步黨,1668,*
2024年總統副總統選舉,2024,臺北市,文山區,木柵里,2024年總統副總統選舉,3,侯友宜,中國國民黨,2941,
2024年總統副總統選舉,2024,臺北市,文山區,木新里,2024年總統副總統選舉,1,柯文哲,台灣民眾黨,1352,
2024年總統副總統選舉,2024,臺北市,文山區,木新里,2024年總統副總統選舉,2,賴清德,民主進步黨,1915,*
2024年總統副總統選舉,2024,臺北市,文山區,木新里,2024年總統副總統選舉,3,侯友宜,中國國民黨,2280,
2024年總統副總統選舉,2024,臺北市,文山區,順興里,2024年總統副總統選舉,1,柯文哲,台灣民眾黨,1248,
2024年總統副總統選舉,2024,臺北市,文山區,順興里,2024年總統副總統選舉,2,賴清德,民主進步黨,1479,*
2024年總統副總統選舉,2024,臺北市,文山區,順興里,2024年總統副總統選舉,3,侯友宜,中國國民黨,1865,
2024年總統副總統選舉,2024,臺北市,文山區,樟林里,2024年總統副總統選舉,1,柯文哲,台灣民眾黨,1279,
2024年總統副總統選舉,2024,臺北市,文山區,樟林里,2024年總統副總統選舉,2,賴清德,民主進步黨,1522,*
2024年總統副總統選舉,2024,臺北市,文山區,樟林里,2024年總統副總統選舉,3,侯友宜,中國國民黨,2293,
2024年總統副總統選舉,2024,臺北市,文山區,樟新里,2024年總統副總統選舉,1,柯文哲,台灣民眾黨,869,
2024年總統副總統選舉,2024,臺北市,文山區,樟新里,2024年總統副總統選舉,2,賴清德,民主進步黨,988,*
2024年總統副總統選舉,2024,臺北市,文山區,樟新里,2024年總統副總統選舉,3,侯友宜,中國國民黨,1501,
2024年總統副總統選舉,2024,臺北市,文山區,樟腳里,2024年總統副總統選舉,1,柯文哲,台灣民眾黨,874,
2024年總統副總統選舉,2024,臺北市,文山區,樟腳里,2024年總統副總統選舉,2,賴清德,民主進步黨,1073,*
2024年總統副總統選舉,2024,臺北市,文山區,樟腳里,2024年總統副總統選舉,3,侯友宜,中國國民黨,1395,
2024年總統副總統選舉,2024,臺北市,文山區,萬芳里,2024年總統副總統選舉,1,柯文哲,台灣民眾黨,1269,
2024年總統副總統選舉,2024,臺北市,文山區,萬芳里,2024年總統副總統選舉,2,賴清德,民主進步黨,1404,*
2024年總統副總統選舉,2024,臺北市,文山區,萬芳里,2024年總統副總統選舉,3,侯友宜,中國國民黨,2192,
2024年總統副總統選舉,2024,臺北市,文山區,博嘉里,2024年總統副總統選舉,1,柯文哲,台灣民眾黨,852,
2024年總統副總統選舉,2024,臺北市,文山區,博嘉里,2024年總統副總統選舉,2,賴清德,民主進步黨,1227,*
2024年總統副總統選舉,2024,臺北市,文山區,博嘉里,2024年總統副總統選舉,3,侯友宜,中國國民黨,1464,
2024年總統副總統選舉,2024,臺北市,文山區,萬興里,2024年總統副總統選舉,1,柯文哲,台灣民眾黨,1230,
2024年總統副總統選舉,2024,臺北市,文山區,萬興里,2024年總統副總統選舉,2,賴清德,民主進步黨,1705,*
2024年總統副總統選舉,2024,臺北市,文山區,萬興里,2024年總統副總統選舉,3,侯友宜,中國國民黨,2138,
2024年總統副總統選舉,2024,臺北市,文山區,指南里,2024年總統副總統選舉,1,柯文哲,台灣民眾黨,652,
2024年總統副總統選舉,2024,臺北市,文山區,指南里,2024年總統副總統選舉,2,賴清德,民主進步黨,923,*
2024年總統副總統選舉,2024,臺北市,文山區,指南里,2024年總統副總統選舉,3,侯友宜,中國國民黨,931,
2024年總統副總統選舉,2024,臺北市,文山區,老泉里,2024年總統副總統選舉,1,柯文哲,台灣民眾黨,123,
2024年總統副總統選舉,2024,臺北市,文山區,老泉里,2024年總統副總統選舉,2,賴清德,民主進步黨,255,*
2024年總統副總統選舉,2024,臺北市,文山區,老泉里,2024年總統副總統選舉,3,侯友宜,中國國民黨,154,
2024年總統副總統選舉,2024,臺北市,文山區,忠順里,2024年總統副總統選舉,1,柯文哲,台灣民眾黨,620,
2024年總統副總統選舉,2024,臺北市,文山區,忠順里,2024年總統副總統選舉,2,賴清德,民主進步黨,755,*
2024年總統副總統選舉,2024,臺北市,文山區,忠順里,2024年總統副總統選舉,3,侯友宜,中國國民黨,1360,
2024年總統副總統選舉,2024,臺北市,文山區,萬美里,2024年總統副總統選舉,1,柯文哲,台灣民眾黨,1019,
2024年總統副總統選舉,2024,臺北市,文山區,萬美里,2024年總統副總統選舉,2,賴清德,民主進步黨,1335,*
2024年總統副總統選舉,2024,臺北市,文山區,萬美里,2024年總統副總統選舉,3,侯友宜,中國國民黨,1964,
2024年總統副總統選舉,2024,臺北市,文山區,政大里,2024年總統副總統選舉,1,柯文哲,台灣民眾黨,1145,
2024年總統副總統選舉,2024,臺北市,文山區,政大里,2024年總統副總統選舉,2,賴清德,民主進步黨,1571,*
2024年總統副總統選舉,2024,臺北市,文山區,政大里,2024年總統副總統選舉,3,侯友宜,中國國民黨,1965,
2024年總統副總統選舉,2024,臺北市,文山區,樟文里,2024年總統副總統選舉,1,柯文哲,台灣民眾黨,930,
2024年總統副總統選舉,2024,臺北市,文山區,樟文里,2024年總統副總統選舉,2,賴清德,民主進步黨,1272,*
2024年總統副總統選舉,2024,臺北市,文山區,樟文里,2024年總統副總統選舉,3,侯友宜,中國國民黨,1575,
2024年總統副總統選舉,2024,臺北市,文山區,興邦里,2024年總統副總統選舉,1,柯文哲,台灣民眾黨,796,
2024年總統副總統選舉,2024,臺北市,文山區,興邦里,2024年總統副總統選舉,2,賴清德,民主進步黨,820,*
2024年總統副總統選舉,2024,臺北市,文山區,興邦里,2024年總統副總統選舉,3,侯友宜,中國國民黨,1574,
2024年總統副總統選舉,2024,臺北市,文山區,樟樹里,2024年總統副總統選舉,1,柯文哲,台灣民眾黨,740,
2024年總統副總統選舉,2024,臺北市,文山區,樟樹里,2024年總統副總統選舉,2,賴清德,民主進步黨,932,*
2024年總統副總統選舉,2024,臺北市,文山區,樟樹里,2024年總統副總統選舉,3,侯友宜,中國國民黨,1174,
2024年總統副總統選舉,2024,臺北市,南港區,南港里,2024年總統副總統選舉,1,柯文哲,台灣民眾黨,1029,
2024年總統副總統選舉,2024,臺北市,南港區,南港里,2024年總統副總統選舉,2,賴清德,民主進步黨,1335,*
2024年總統副總統選舉,2024,臺北市,南港區,南港里,2024年總統副總統選舉,3,侯友宜,中國國民黨,1235,
2024年總統副總統選舉,2024,臺北市,南港區,中南里,2024年總統副總統選舉,1,柯文哲,台灣民眾黨,580,
2024年總統副總統選舉,2024,臺北市,南港區,中南里,2024年總統副總統選舉,2,賴清德,民主進步黨,848,*
2024年總統副總統選舉,2024,臺北市,南港區,中南里,2024年總統副總統選舉,3,侯友宜,中國國民黨,688,
2024年總統副總統選舉,2024,臺北市,南港區,新富里,2024年總統副總統選舉,1,柯文哲,台灣民眾黨,617,
2024年總統副總統選舉,2024,臺北市,南港區,新富里,2024年總統副總統選舉,2,賴清德,民主進步黨,962,*
2024年總統副總統選舉,2024,臺北市,南港區,新富里,2024年總統副總統選舉,3,侯友宜,中國國民黨,789,
2024年總統副總統選舉,2024,臺北市,南港區,三重里,2024年總統副總統選舉,1,柯文哲,台灣民眾黨,1276,
2024年總統副總統選舉,2024,臺北市,南港區,三重里,2024年總統副總統選舉,2,賴清德,民主進步黨,1677,*
2024年總統副總統選舉,2024,臺北市,南港區,三重里,2024年總統副總統選舉,3,侯友宜,中國國民黨,1691,
2024年總統副總統選舉,2024,臺北市,南港區,東新里,2024年總統副總統選舉,1,柯文哲,台灣民眾黨,1197,
2024年總統副總統選舉,2024,臺北市,南港區,東新里,2024年總統副總統選舉,2,賴清德,民主進步黨,1577,*
2024年總統副總統選舉,2024,臺北市,南港區,東新里,2024年總統副總統選舉,3,侯友宜,中國國民黨,1463,
2024年總統副總統選舉,2024,臺北市,南港區,新光里,2024年總統副總統選舉,1,柯文哲,台灣民眾黨,585,
2024年總統副總統選舉,2024,臺北市,南港區,新光里,2024年總統副總統選舉,2,賴清德,民主進步黨,805,*
2024年總統副總統選舉,2024,臺北市,南港區,新光里,2024年總統副總統選舉,3,侯友宜,中國國民黨,944,
2024年總統副總統選舉,2024,臺北市,南港區,東明里,2024年總統副總統選舉,1,柯文哲,台灣民眾黨,1041,
2024年總統副總統選舉,2024,臺北市,南港區,東明里,2024年總統副總統選舉,2,賴清德,民主進步黨,1161,*
2024年總統副總統選舉,2024,臺北市,南港區,東明里,2024年總統副總統選舉,3,侯友宜,中國國民黨,1314,
2024年總統副總統選舉,2024,臺北市,南港區,西新里,2024年總統副總統選舉,1,柯文哲,台灣民眾黨,795,
2024年總統副總統選舉,2024,臺北市,南港區,西新里,2024年總統副總統選舉,2,賴清德,民主進步黨,1189,*
2024年總統副總統選舉,2024,臺北市,南港區,西新里,2024年總統副總統選舉,3,侯友宜,中國國民黨,868,
2024年總統副總統選舉,2024,臺北市,南港區,玉成里,2024年總統副總統選舉,1,柯文哲,台灣民眾黨,757,
2024年總統副總統選舉,2024,臺北市,南港區,玉成里,2024年總統副總統選舉,2,賴清德,民主進步黨,1197,*
2024年總統副總統選舉,2024,臺北市,南港區,玉成里,2024年總統副總統選舉,3,侯友宜,中國國民黨,999,
2024年總統副總統選舉,2024,臺北市,南港區,合成里,2024年總統副總統選舉,1,柯文哲,台灣民眾黨,988,
2024年總統副總統選舉,2024,臺北市,南港區,合成里,2024年總統副總統選舉,2,賴清德,民主進步黨,1571,*
2024年總統副總統選舉,2024,臺北市,南港區,合成里,2024年總統副總統選舉,3,侯友宜,中國國民黨,1517,
2024年總統副總統選舉,2024,臺北市,南港區,成福里,2024年總統副總統選舉,1,柯文哲,台灣民眾黨,1150,
2024年總統副總統選舉,2024,臺北市,南港區,成福里,2024年總統副總統選舉,2,賴清德,民主進步黨,1580,*
2024年總統副總統選舉,2024,臺北市,南港區,成福里,2024年總統副總統選舉,3,侯友宜,中國國民黨,1979,
2024年總統副總統選舉,2024,臺北市,南港區,萬福里,2024年總統副總統選舉,1,柯文哲,台灣民眾黨,683,
2024年總統副總統選舉,2024,臺北市,南港區,萬福里,2024年總統副總統選舉,2,賴清德,民主進步黨,956,*
2024年總統副總統選舉,2024,臺北市,南港區,萬福里,2024年總統副總統選舉,3,侯友宜,中國國民黨,1188,
2024年總統副總統選舉,2024,臺北市,南港區,鴻福里,2024年總統副總統選舉,1,柯文哲,台灣民眾黨,689,
2024年總統副總統選舉,2024,臺北市,南港區,鴻福里,2024年總統副總統選舉,2,賴清德,民主進步黨,1060,*
2024年總統副總統選舉,2024,臺北市,南港區,鴻福里,2024年總統副總統選舉,3,侯友宜,中國國民黨,1101,
2024年總統副總統選舉,2024,臺北市,南港區,百福里,2024年總統副總統選舉,1,柯文哲,台灣民眾黨,838,
2024年總統副總統選舉,2024,臺北市,南港區,百福里,2024年總統副總統選舉,2,賴清德,民主進步黨,1238,*
2024年總統副總統選舉,2024,臺北市,南港區,百福里,2024年總統副總統選舉,3,侯友宜,中國國民黨,1173,
2024年總統副總統選舉,2024,臺北市,南港區,聯成里,2024年總統副總統選舉,1,柯文哲,台灣民眾黨,724,
2024年總統副總統選舉,2024,臺北市,南港區,聯成里,2024年總統副總統選舉,2,賴清德,民主進步黨,1109,*
2024年總統副總統選舉,2024,臺北市,南港區,聯成里,2024年總統副總統選舉,3,侯友宜,中國國民黨,1183,
2024年總統副總統選舉,2024,臺北市,南港區,舊莊里,2024年總統副總統選舉,1,柯文哲,台灣民眾黨,1539,
2024年總統副總統選舉,2024,臺北市,南港區,舊莊里,2024年總統副總統選舉,2,賴清德,民主進步黨,1956,*
2024年總統副總統選舉,2024,臺北市,南港區,舊莊里,2024年總統副總統選舉,3,侯友宜,中國國民黨,1836,
2024年總統副總統選舉,2024,臺北市,南港區,中研里,2024年總統副總統選舉,1,柯文哲,台灣民眾黨,1502,
2024年總統副總統選舉,2024,臺北市,南港區,中研里,2024年總統副總統選舉,2,賴清德,民主進步黨,2198,*
2024年總統副總統選舉,2024,臺北市,南港區,中研里,2024年總統副總統選舉,3,侯友宜,中國國民黨,1984,
2024年總統副總統選舉,2024,臺北市,南港區,九如里,2024年總統副總統選舉,1,柯文哲,台灣民眾黨,989,
2024年總統副總統選舉,2024,臺北市,南港區,九如里,2024年總統副總統選舉,2,賴清德,民主進步黨,1264,*
2024年總統副總統選舉,2024,臺北市,南港區,九如里,2024年總統副總統選舉,3,侯友宜,中國國民黨,1631,
2024年總統副總統選舉,2024,臺北市,南港區,仁福里,2024年總統副總統選舉,1,柯文哲,台灣民眾黨,930,
2024年總統副總統選舉,2024,臺北市,南港區,仁福里,2024年總統副總統選舉,2,賴清德,民主進步黨,1134,*
2024年總統副總統選舉,2024,臺北市,南港區,仁福里,2024年總統副總統選舉,3,侯友宜,中國國民黨,1543,
2024年總統副總統選舉,2024,臺北市,南港區,重陽里,2024年總統副總統選舉,1,柯文哲,台灣民眾黨,1098,
2024年總統副總統選舉,2024,臺北市,南港區,重陽里,2024年總統副總統選舉,2,賴清德,民主進步黨,1300,*
2024年總統副總統選舉,2024,臺北市,南港區,重陽里,2024年總統副總統選舉,3,侯友宜,中國國民黨,1403,
2024年總統副總統選舉,2024,臺北市,內湖區,西湖里,2024年總統副總統選舉,1,柯文哲,台灣民眾黨,1169,
2024年總統副總統選舉,2024,臺北市,內湖區,西湖里,2024年總統副總統選舉,2,賴清德,民主進步黨,1790,*
2024年總統副總統選舉,2024,臺北市,內湖區,西湖里,2024年總統副總統選舉,3,侯友宜,中國國民黨,1573,
2024年總統副總統選舉,2024,臺北市,內湖區,西康里,2024年總統副總統選舉,1,柯文哲,台灣民眾黨,1563,
2024年總統副總統選舉,2024,臺北市,內湖區,西康里,2024年總統副總統選舉,2,賴清德,民主進步黨,2094,*
2024年總統副總統選舉,2024,臺北市,內湖區,西康里,2024年總統副總統選舉,3,侯友宜,中國國民黨,2411,
2024年總統副總統選舉,2024,臺北市,內湖區,西安里,2024年總統副總統選舉,1,柯文哲,台灣民眾黨,1066,
2024年總統副總統選舉,2024,臺北市,內湖區,西安里,2024年總統副總統選舉,2,賴清德,民主進步黨,1518,*
2024年總統副總統選舉,2024,臺北市,內湖區,西安里,2024年總統副總統選舉,3,侯友宜,中國國民黨,1653,
2024年總統副總統選舉,2024,臺北市,內湖區,港墘里,2024年總統副總統選舉,1,柯文哲,台灣民眾黨,1015,
2024年總統副總統選舉,2024,臺北市,內湖區,港墘里,2024年總統副總統選舉,2,賴清德,民主進步黨,1431,*
2024年總統副總統選舉,2024,臺北市,內湖區,港墘里,2024年總統副總統選舉,3,侯友宜,中國國民黨,1351,
2024年總統副總統選舉,2024,臺北市,內湖區,港都里,2024年總統副總統選舉,1,柯文哲,台灣民眾黨,907,
2024年總統副總統選舉,2024,臺北市,內湖區,港都里,2024年總統副總統選舉,2,賴清德,民主進步黨,1313,*
2024年總統副總統選舉,2024,臺北市,內湖區,港都里,2024年總統副總統選舉,3,侯友宜,中國國民黨,1156,
2024年總統副總統選舉,2024,臺北市,內湖區,港富里,2024年總統副總統選舉,1,柯文哲,台灣民眾黨,1519,
2024年總統副總統選舉,2024,臺北市,內湖區,港富里,2024年總統副總統選舉,2,賴清德,民主進步黨,2256,*
2024年總統副總統選舉,2024,臺北市,內湖區,港富里,2024年總統副總統選舉,3,侯友宜,中國國民黨,2124,
2024年總統副總統選舉,2024,臺北市,內湖區,港華里,2024年總統副總統選舉,1,柯文哲,台灣民眾黨,1462,
2024年總統副總統選舉,2024,臺北市,內湖區,港華里,2024年總統副總統選舉,2,賴清德,民主進步黨,2124,*
2024年總統副總統選舉,2024,臺北市,內湖區,港華里,2024年總統副總統選舉,3,侯友宜,中國國民黨,2036,
2024年總統副總統選舉,2024,臺北市,內湖區,內湖里,2024年總統副總統選舉,1,柯文哲,台灣民眾黨,988,
2024年總統副總統選舉,2024,臺北市,內湖區,內湖里,2024年總統副總統選舉,2,賴清德,民主進步黨,1415,*
2024年總統副總統選舉,2024,臺北市,內湖區,內湖里,2024年總統副總統選舉,3,侯友宜,中國國民黨,1651,
2024年總統副總統選舉,2024,臺北市,內湖區,湖濱里,2024年總統副總統選舉,1,柯文哲,台灣民眾黨,1270,
2024年總統副總統選舉,2024,臺北市,內湖區,湖濱里,2024年總統副總統選舉,2,賴清德,民主進步黨,1791,*
2024年總統副總統選舉,2024,臺北市,內湖區,湖濱里,2024年總統副總統選舉,3,侯友宜,中國國民黨,2275,
2024年總統副總統選舉,2024,臺北市,內湖區,紫星里,2024年總統副總統選舉,1,柯文哲,台灣民眾黨,1205,
2024年總統副總統選舉,2024,臺北市,內湖區,紫星里,2024年總統副總統選舉,2,賴清德,民主進步黨,1976,*
2024年總統副總統選舉,2024,臺北市,內湖區,紫星里,2024年總統副總統選舉,3,侯友宜,中國國民黨,1893,
2024年總統副總統選舉,2024,臺北市,內湖區,大湖里,2024年總統副總統選舉,1,柯文哲,台灣民眾黨,878,
2024年總統副總統選舉,2024,臺北市,內湖區,大湖里,2024年總統副總統選舉,2,賴清德,民主進步黨,1185,*
2024年總統副總統選舉,2024,臺北市,內湖區,大湖里,2024年總統副總統選舉,3,侯友宜,中國國民黨,1303,
2024年總統副總統選舉,2024,臺北市,內湖區,金龍里,2024年總統副總統選舉,1,柯文哲,台灣民眾黨,881,
2024年總統副總統選舉,2024,臺北市,內湖區,金龍里,2024年總統副總統選舉,2,賴清德,民主進步黨,1198,*
2024年總統副總統選舉,2024,臺北市,內湖區,金龍里,2024年總統副總統選舉,3,侯友宜,中國國民黨,1319,
2024年總統副總統選舉,2024,臺北市,內湖區,金瑞里,2024年總統副總統選舉,1,柯文哲,台灣民眾黨,1025,
2024年總統副總統選舉,2024,臺北市,內湖區,金瑞里,2024年總統副總統選舉,2,賴清德,民主進步黨,1669,*
2024年總統副總統選舉,2024,臺北市,內湖區,金瑞里,2024年總統副總統選舉,3,侯友宜,中國國民黨,1569,
2024年總統副總統選舉,2024,臺北市,內湖區,碧山里,2024年總統副總統選舉,1,柯文哲,台灣民眾黨,1102,
2024年總統副總統選舉,2024,臺北市,內湖區,碧山里,2024年總統副總統選舉,2,賴清德,民主進步黨,1596,*
2024年總統副總統選舉,2024,臺北市,內湖區,碧山里,2024年總統副總統選舉,3,侯友宜,中國國民黨,1743,
2024年總統副總統選舉,2024,臺北市,內湖區,紫雲里,2024年總統副總統選舉,1,柯文哲,台灣民眾黨,952,
2024年總統副總統選舉,2024,臺北市,內湖區,紫雲里,2024年總統副總統選舉,2,賴清德,民主進步黨,1065,*
2024年總統副總統選舉,2024,臺北市,內湖區,紫雲里,2024年總統副總統選舉,3,侯友宜,中國國民黨,1500,
2024年總統副總統選舉,2024,臺北市,內湖區,清白里,2024年總統副總統選舉,1,柯文哲,台灣民眾黨,1294,
2024年總統副總統選舉,2024,臺北市,內湖區,清白里,2024年總統副總統選舉,2,賴清德,民主進步黨,1897,*
2024年總統副總統選舉,2024,臺北市,內湖區,清白里,2024年總統副總統選舉,3,侯友宜,中國國民黨,2260,
2024年總統副總統選舉,2024,臺北市,內湖區,葫洲里,2024年總統副總統選舉,1,柯文哲,台灣民眾黨,1276,
2024年總統副總統選舉,2024,臺北市,內湖區,葫洲里,2024年總統副總統選舉,2,賴清德,民主進步黨,1368,*
2024年總統副總統選舉,2024,臺北市,內湖區,葫洲里,2024年總統副總統選舉,3,侯友宜,中國國民黨,1759,
2024年總統副總統選舉,2024,臺北市,內湖區,紫陽里,2024年總統副總統選舉,1,柯文哲,台灣民眾黨,1352,
2024年總統副總統選舉,2024,臺北市,內湖區,紫陽里,2024年總統副總統選舉,2,賴清德,民主進步黨,1984,*
2024年總統副總統選舉,2024,臺北市,內湖區,紫陽里,2024年總統副總統選舉,3,侯友宜,中國國民黨,2013,
2024年總統副總統選舉,2024,臺北市,內湖區,瑞陽里,2024年總統副總統選舉,1,柯文哲,台灣民眾黨,1162,
2024年總統副總統選舉,2024,臺北市,內湖區,瑞陽里,2024年總統副總統選舉,2,賴清德,民主進步黨,1500,*
2024年總統副總統選舉,2024,臺北市,內湖區,瑞陽里,2024年總統副總統選舉,3,侯友宜,中國國民黨,2327,
2024年總統副總統選舉,2024,臺北市,內湖區,瑞光里,2024年總統副總統選舉,1,柯文哲,台灣民眾黨,720,
2024年總統副總統選舉,2024,臺北市,內湖區,瑞光里,2024年總統副總統選舉,2,賴清德,民主進步黨,861,*
2024年總統副總統選舉,2024,臺北市,內湖區,瑞光里,2024年總統副總統選舉,3,侯友宜,中國國民黨,1274,
2024年總統副總統選舉,2024,臺北市,內湖區,五分里,2024年總統副總統選舉,1,柯文哲,台灣民眾黨,1823,
2024年總統副總統選舉,2024,臺北市,內湖區,五分里,2024年總統副總統選舉,2,賴清德,民主進步黨,2296,*
2024年總統副總統選舉,2024,臺北市,內湖區,五分里,2024年總統副總統選舉,3,侯友宜,中國國民黨,2100,
2024年總統副總統選舉,2024,臺北市,內湖區,東湖里,2024年總統副總統選舉,1,柯文哲,台灣民眾黨,1472,
2024年總統副總統選舉,2024,臺北市,內湖區,東湖里,2024年總統副總統選舉,2,賴清德,民主進步黨,1849,*
2024年總統副總統選舉,2024,臺北市,內湖區,東湖里,2024年總統副總統選舉,3,侯友宜,中國國民黨,1736,
2024年總統副總統選舉,2024,臺北市,內湖區,樂康里,2024年總統副總統選舉,1,柯文哲,台灣民眾黨,1404,
2024年總統副總統選舉,2024,臺北市,內湖區,樂康里,2024年總統副總統選舉,2,賴清德,民主進步黨,1717,*
2024年總統副總統選舉,2024,臺北市,內湖區,樂康里,2024年總統副總統選舉,3,侯友宜,中國國民黨,1616,
2024年總統副總統選舉,2024,臺北市,內湖區,內溝里,2024年總統副總統選舉,1,柯文哲,台灣民眾黨,766,
2024年總統副總統選舉,2024,臺北市,內湖區,內溝里,2024年總統副總統選舉,2,賴清德,民主進步黨,1116,*
2024年總統副總統選舉,2024,臺北市,內湖區,內溝里,2024年總統副總統選舉,3,侯友宜,中國國民黨,1053,
2024年總統副總統選舉,2024,臺北市,內湖區,週美里,2024年總統副總統選舉,1,柯文哲,台灣民眾黨,1443,
2024年總統副總統選舉,2024,臺北市,內湖區,週美里,2024年總統副總統選舉,2,賴清德,民主進步黨,2297,*
2024年總統副總統選舉,2024,臺北市,內湖區,週美里,2024年總統副總統選舉,3,侯友宜,中國國民黨,1962,
2024年總統副總統選舉,2024,臺北市,內湖區,行善里,2024年總統副總統選舉,1,柯文哲,台灣民眾黨,1224,
2024年總統副總統選舉,2024,臺北市,內湖區,行善里,2024年總統副總統選舉,2,賴清德,民主進步黨,1765,*
2024年總統副總統選舉,2024,臺北市,內湖區,行善里,2024年總統副總統選舉,3,侯友宜,中國國民黨,1566,
2024年總統副總統選舉,2024,臺北市,內湖區,石潭里,2024年總統副總統選舉,1,柯文哲,台灣民眾黨,648,
2024年總統副總統選舉,2024,臺北市,內湖區,石潭里,2024年總統副總統選舉,2,賴清德,民主進步黨,909,*
2024年總統副總統選舉,2024,臺北市,內湖區,石潭里,2024年總統副總統選舉,3,侯友宜,中國國民黨,975,
2024年總統副總統選舉,2024,臺北市,內湖區,湖興里,2024年總統副總統選舉,1,柯文哲,台灣民眾黨,1244,
2024年總統副總統選舉,2024,臺北市,內湖區,湖興里,2024年總統副總統選舉,2,賴清德,民主進步黨,1653,*
2024年總統副總統選舉,2024,臺北市,內湖區,湖興里,2024年總統副總統選舉,3,侯友宜,中國國民黨,1709,
2024年總統副總統選舉,2024,臺北市,內湖區,湖元里,2024年總統副總統選舉,1,柯文哲,台灣民眾黨,1173,
2024年總統副總統選舉,2024,臺北市,內湖區,湖元里,2024年總統副總統選舉,2,賴清德,民主進步黨,1484,*
2024年總統副總統選舉,2024,臺北市,內湖區,湖元里,2024年總統副總統選舉,3,侯友宜,中國國民黨,1362,
2024年總統副總統選舉,2024,臺北市,內湖區,安湖里,2024年總統副總統選舉,1,柯文哲,台灣民眾黨,1302,
2024年總統副總統選舉,2024,臺北市,內湖區,安湖里,2024年總統副總統選舉,2,賴清德,民主進步黨,1719,*
2024年總統副總統選舉,2024,臺北市,內湖區,安湖里,2024年總統副總統選舉,3,侯友宜,中國國民黨,1663,
2024年總統副總統選舉,2024,臺北市,內湖區,秀湖里,2024年總統副總統選舉,1,柯文哲,台灣民眾黨,919,
2024年總統副總統選舉,2024,臺北市,內湖區,秀湖里,2024年總統副總統選舉,2,賴清德,民主進步黨,1353,*
2024年總統副總統選舉,2024,臺北市,內湖區,秀湖里,2024年總統副總統選舉,3,侯友宜,中國國民黨,1635,
2024年總統副總統選舉,2024,臺北市,內湖區,安泰里,2024年總統副總統選舉,1,柯文哲,台灣民眾黨,949,
2024年總統副總統選舉,2024,臺北市,內湖區,安泰里,2024年總統副總統選舉,2,賴清德,民主進步黨,1131,*
2024年總統副總統選舉,2024,臺北市,內湖區,安泰里,2024年總統副總統選舉,3,侯友宜,中國國民黨,1255,
2024年總統副總統選舉,2024,臺北市,內湖區,金湖里,2024年總統副總統選舉,1,柯文哲,台灣民眾黨,1445,
2024年總統副總統選舉,2024,臺北市,內湖區,金湖里,2024年總統副總統選舉,2,賴清德,民主進步黨,2148,*
2024年總統副總統選舉,2024,臺北市,內湖區,金湖里,2024年總統副總統選舉,3,侯友宜,中國國民黨,2436,
2024年總統副總統選舉,2024,臺北市,內湖區,康寧里,2024年總統副總統選舉,1,柯文哲,台灣民眾黨,1449,
2024年總統副總統選舉,2024,臺北市,內湖區,康寧里,2024年總統副總統選舉,2,賴清德,民主進步黨,1788,*
2024年總統副總統選舉,2024,臺北市,內湖區,康寧里,2024年總統副總統選舉,3,侯友宜,中國國民黨,2039,
2024年總統副總統選舉,2024,臺北市,內湖區,明湖里,2024年總統副總統選舉,1,柯文哲,台灣民眾黨,1005,
2024年總統副總統選舉,2024,臺北市,內湖區,明湖里,2024年總統副總統選舉,2,賴清德,民主進步黨,1146,*
2024年總統副總統選舉,2024,臺北市,內湖區,明湖里,2024年總統副總統選舉,3,侯友宜,中國國民黨,1124,
2024年總統副總統選舉,2024,臺北市,內湖區,蘆洲里,2024年總統副總統選舉,1,柯文哲,台灣民眾黨,212,
2024年總統副總統選舉,2024,臺北市,內湖區,蘆洲里,2024年總統副總統選舉,2,賴清德,民主進步黨,280,*
2024年總統副總統選舉,2024,臺北市,內湖區,蘆洲里,2024年總統副總統選舉,3,侯友宜,中國國民黨,223,
2024年總統副總統選舉,2024,臺北市,內湖區,麗山里,2024年總統副總統選舉,1,柯文哲,台灣民眾黨,961,
2024年總統副總統選舉,2024,臺北市,內湖區,麗山里,2024年總統副總統選舉,2,賴清德,民主進步黨,1485,*
2024年總統副總統選舉,2024,臺北市,內湖區,麗山里,2024年總統副總統選舉,3,侯友宜,中國國民黨,1235,
2024年總統副總統選舉,2024,臺北市,內湖區,寶湖里,2024年總統副總統選舉,1,柯文哲,台灣民眾黨,1467,
2024年總統副總統選舉,2024,臺北市,內湖區,寶湖里,2024年總統副總統選舉,2,賴清德,民主進步黨,2013,*
2024年總統副總統選舉,2024,臺北市,內湖區,寶湖里,2024年總統副總統選舉,3,侯友宜,中國國民黨,2512,
2024年總統副總統選舉,2024,臺北市,內湖區,南湖里,2024年總統副總統選舉,1,柯文哲,台灣民眾黨,885,
2024年總統副總統選舉,2024,臺北市,內湖區,南湖里,2024年總統副總統選舉,2,賴清德,民主進步黨,1159,*
2024年總統副總統選舉,2024,臺北市,內湖區,南湖里,2024年總統副總統選舉,3,侯友宜,中國國民黨,1390,
2024年總統副總統選舉,2024,臺北市,士林區,仁勇里,2024年總統副總統選舉,1,柯文哲,台灣民眾黨,552,
2024年總統副總統選舉,2024,臺北市,士林區,仁勇里,2024年總統副總統選舉,2,賴清德,民主進步黨,1072,*
2024年總統副總統選舉,2024,臺北市,士林區,仁勇里,2024年總統副總統選舉,3,侯友宜,中國國民黨,744,
2024年總統副總統選舉,2024,臺北市,士林區,義信里,2024年總統副總統選舉,1,柯文哲,台灣民眾黨,440,
2024年總統副總統選舉,2024,臺北市,士林區,義信里,2024年總統副總統選舉,2,賴清德,民主進步黨,769,*
2024年總統副總統選舉,2024,臺北市,士林區,義信里,2024年總統副總統選舉,3,侯友宜,中國國民黨,717,
2024年總統副總統選舉,2024,臺北市,士林區,福林里,2024年總統副總統選舉,1,柯文哲,台灣民眾黨,434,
2024年總統副總統選舉,2024,臺北市,士林區,福林里,2024年總統副總統選舉,2,賴清德,民主進步黨,750,*
2024年總統副總統選舉,2024,臺北市,士林區,福林里,2024年總統副總統選舉,3,侯友宜,中國國民黨,673,
2024年總統副總統選舉,2024,臺北市,士林區,福德里,2024年總統副總統選舉,1,柯文哲,台灣民眾黨,634,
2024年總統副總統選舉,2024,臺北市,士林區,福德里,2024年總統副總統選舉,2,賴清德,民主進步黨,1090,*
2024年總統副總統選舉,2024,臺北市,士林區,福德里,2024年總統副總統選舉,3,侯友宜,中國國民黨,1068,
2024年總統副總統選舉,2024,臺北市,士林區,福志里,2024年總統副總統選舉,1,柯文哲,台灣民眾黨,939,
2024年總統副總統選舉,2024,臺北市,士林區,福志里,2024年總統副總統選舉,2,賴清德,民主進步黨,1877,*
2024年總統副總統選舉,2024,臺北市,士林區,福志里,2024年總統副總統選舉,3,侯友宜,中國國民黨,1886,
2024年總統副總統選舉,2024,臺北市,士林區,舊佳里,2024年總統副總統選舉,1,柯文哲,台灣民眾黨,756,
2024年總統副總統選舉,2024,臺北市,士林區,舊佳里,2024年總統副總統選舉,2,賴清德,民主進步黨,1609,*
2024年總統副總統選舉,2024,臺北市,士林區,舊佳里,2024年總統副總統選舉,3,侯友宜,中國國民黨,1314,
2024年總統副總統選舉,2024,臺北市,士林區,福佳里,2024年總統副總統選舉,1,柯文哲,台灣民眾黨,1107,
2024年總統副總統選舉,2024,臺北市,士林區,福佳里,2024年總統副總統選舉,2,賴清德,民主進步黨,2034,*
2024年總統副總統選舉,2024,臺北市,士林區,福佳里,2024年總統副總統選舉,3,侯友宜,中國國民黨,1624,
2024年總統副總統選舉,2024,臺北市,士林區,後港里,2024年總統副總統選舉,1,柯文哲,台灣民眾黨,1136,
2024年總統副總統選舉,2024,臺北市,士林區,後港里,2024年總統副總統選舉,2,賴清德,民主進步黨,2162,*
2024年總統副總統選舉,2024,臺北市,士林區,後港里,2024年總統副總統選舉,3,侯友宜,中國國民黨,1490,
2024年總統副總統選舉,2024,臺北市,士林區,福中里,2024年總統副總統選舉,1,柯文哲,台灣民眾黨,1037,
2024年總統副總統選舉,2024,臺北市,士林區,福中里,2024年總統副總統選舉,2,賴清德,民主進步黨,1862,*
2024年總統副總統選舉,2024,臺北市,士林區,福中里,2024年總統副總統選舉,3,侯友宜,中國國民黨,1218,
2024年總統副總統選舉,2024,臺北市,士林區,前港里,2024年總統副總統選舉,1,柯文哲,台灣民眾黨,709,
2024年總統副總統選舉,2024,臺北市,士林區,前港里,2024年總統副總統選舉,2,賴清德,民主進步黨,1211,*
2024年總統副總統選舉,2024,臺北市,士林區,前港里,2024年總統副總統選舉,3,侯友宜,中國國民黨,766,
2024年總統副總統選舉,2024,臺北市,士林區,百齡里,2024年總統副總統選舉,1,柯文哲,台灣民眾黨,1060,
2024年總統副總統選舉,2024,臺北市,士林區,百齡里,2024年總統副總統選舉,2,賴清德,民主進步黨,1830,*
2024年總統副總統選舉,2024,臺北市,士林區,百齡里,2024年總統副總統選舉,3,侯友宜,中國國民黨,1261,
2024年總統副總統選舉,2024,臺北市,士林區,承德里,2024年總統副總統選舉,1,柯文哲,台灣民眾黨,835,
2024年總統副總統選舉,2024,臺北市,士林區,承德里,2024年總統副總統選舉,2,賴清德,民主進步黨,1414,*
2024年總統副總統選舉,2024,臺北市,士林區,承德里,2024年總統副總統選舉,3,侯友宜,中國國民黨,1235,
2024年總統副總統選舉,2024,臺北市,士林區,福華里,2024年總統副總統選舉,1,柯文哲,台灣民眾黨,968,
2024年總統副總統選舉,2024,臺北市,士林區,福華里,2024年總統副總統選舉,2,賴清德,民主進步黨,1582,*
2024年總統副總統選舉,2024,臺北市,士林區,福華里,2024年總統副總統選舉,3,侯友宜,中國國民黨,1198,
2024年總統副總統選舉,2024,臺北市,士林區,明勝里,2024年總統副總統選舉,1,柯文哲,台灣民眾黨,725,
2024年總統副總統選舉,2024,臺北市,士林區,明勝里,2024年總統副總統選舉,2,賴清德,民主進步黨,1291,*
2024年總統副總統選舉,2024,臺北市,士林區,明勝里,2024年總統副總統選舉,3,侯友宜,中國國民黨,984,
2024年總統副總統選舉,2024,臺北市,士林區,福順里,2024年總統副總統選舉,1,柯文哲,台灣民眾黨,805,
2024年總統副總統選舉,2024,臺北市,士林區,福順里,2024年總統副總統選舉,2,賴清德,民主進步黨,1589,*
2024年總統副總統選舉,2024,臺北市,士林區,福順里,2024年總統副總統選舉,3,侯友宜,中國國民黨,914,
2024年總統副總統選舉,2024,臺北市,士林區,富光里,2024年總統副總統選舉,1,柯文哲,台灣民眾黨,962,
2024年總統副總統選舉,2024,臺北市,士林區,富光里,2024年總統副總統選舉,2,賴清德,民主進步黨,1679,*
2024年總統副總統選舉,2024,臺北市,士林區,富光里,2024年總統副總統選舉,3,侯友宜,中國國民黨,1007,
2024年總統副總統選舉,2024,臺北市,士林區,葫蘆里,2024年總統副總統選舉,1,柯文哲,台灣民眾黨,1120,
2024年總統副總統選舉,2024,臺北市,士林區,葫蘆里,2024年總統副總統選舉,2,賴清德,民主進步黨,1985,*
2024年總統副總統選舉,2024,臺北市,士林區,葫蘆里,2024年總統副總統選舉,3,侯友宜,中國國民黨,1468,
2024年總統副總統選舉,2024,臺北市,士林區,葫東里,2024年總統副總統選舉,1,柯文哲,台灣民眾黨,657,
2024年總統副總統選舉,2024,臺北市,士林區,葫東里,2024年總統副總統選舉,2,賴清德,民主進步黨,1157,*
2024年總統副總統選舉,2024,臺北市,士林區,葫東里,2024年總統副總統選舉,3,侯友宜,中國國民黨,709,
2024年總統副總統選舉,2024,臺北市,士林區,社子里,2024年總統副總統選舉,1,柯文哲,台灣民眾黨,961,
2024年總統副總統選舉,2024,臺北市,士林區,社子里,2024年總統副總統選舉,2,賴清德,民主進步黨,1900,*
2024年總統副總統選舉,2024,臺北市,士林區,社子里,2024年總統副總統選舉,3,侯友宜,中國國民黨,1089,
2024年總統副總統選舉,2024,臺北市,士林區,社新里,2024年總統副總統選舉,1,柯文哲,台灣民眾黨,1332,
2024年總統副總統選舉,2024,臺北市,士林區,社新里,2024年總統副總統選舉,2,賴清德,民主進步黨,2622,*
2024年總統副總統選舉,2024,臺北市,士林區,社新里,2024年總統副總統選舉,3,侯友宜,中國國民黨,1536,
2024年總統副總統選舉,2024,臺北市,士林區,社園里,2024年總統副總統選舉,1,柯文哲,台灣民眾黨,1118,
2024年總統副總統選舉,2024,臺北市,士林區,社園里,2024年總統副總統選舉,2,賴清德,民主進步黨,2136,*
2024年總統副總統選舉,2024,臺北市,士林區,社園里,2024年總統副總統選舉,3,侯友宜,中國國民黨,1124,
2024年總統副總統選舉,2024,臺北市,士林區,永倫里,2024年總統副總統選舉,1,柯文哲,台灣民眾黨,1064,
2024年總統副總統選舉,2024,臺北市,士林區,永倫里,2024年總統副總統選舉,2,賴清德,民主進步黨,2160,*
2024年總統副總統選舉,2024,臺北市,士林區,永倫里,2024年總統副總統選舉,3,侯友宜,中國國民黨,1143,
2024年總統副總統選舉,2024,臺北市,士林區,福安里,2024年總統副總統選舉,1,柯文哲,台灣民眾黨,645,
2024年總統副總統選舉,2024,臺北市,士林區,福安里,2024年總統副總統選舉,2,賴清德,民主進步黨,1930,*
2024年總統副總統選舉,2024,臺北市,士林區,福安里,2024年總統副總統選舉,3,侯友宜,中國國民黨,509,
2024年總統副總統選舉,2024,臺北市,士林區,富洲里,2024年總統副總統選舉,1,柯文哲,台灣民眾黨,964,
2024年總統副總統選舉,2024,臺北市,士林區,富洲里,2024年總統副總統選舉,2,賴清德,民主進步黨,2117,*
2024年總統副總統選舉,2024,臺北市,士林區,富洲里,2024年總統副總統選舉,3,侯友宜,中國國民黨,802,
2024年總統副總統選舉,2024,臺北市,士林區,岩山里,2024年總統副總統選舉,1,柯文哲,台灣民眾黨,403,
2024年總統副總統選舉,2024,臺北市,士林區,岩山里,2024年總統副總統選舉,2,賴清德,民主進步黨,799,*
2024年總統副總統選舉,2024,臺北市,士林區,岩山里,2024年總統副總統選舉,3,侯友宜,中國國民黨,827,
2024年總統副總統選舉,2024,臺北市,士林區,名山里,2024年總統副總統選舉,1,柯文哲,台灣民眾黨,986,
2024年總統副總統選舉,2024,臺北市,士林區,名山里,2024年總統副總統選舉,2,賴清德,民主進步黨,1781,*
2024年總統副總統選舉,2024,臺北市,士林區,名山里,2024年總統副總統選舉,3,侯友宜,中國國民黨,1700,
2024年總統副總統選舉,2024,臺北市,士林區,德行里,2024年總統副總統選舉,1,柯文哲,台灣民眾黨,622,
2024年總統副總統選舉,2024,臺北市,士林區,德行里,2024年總統副總統選舉,2,賴清德,民主進步黨,1192,*
2024年總統副總統選舉,2024,臺北市,士林區,德行里,2024年總統副總統選舉,3,侯友宜,中國國民黨,953,
2024年總統副總統選舉,2024,臺北市,士林區,德華里,2024年總統副總統選舉,1,柯文哲,台灣民眾黨,805,
2024年總統副總統選舉,2024,臺北市,士林區,德華里,2024年總統副總統選舉,2,賴清德,民主進步黨,1526,*
2024年總統副總統選舉,2024,臺北市,士林區,德華里,2024年總統副總統選舉,3,侯友宜,中國國民黨,1121,
2024年總統副總統選舉,2024,臺北市,士林區,聖山里,2024年總統副總統選舉,1,柯文哲,台灣民眾黨,629,
2024年總統副總統選舉,2024,臺北市,士林區,聖山里,2024年總統副總統選舉,2,賴清德,民主進步黨,1226,*
2024年總統副總統選舉,2024,臺北市,士林區,聖山里,2024年總統副總統選舉,3,侯友宜,中國國民黨,1339,
2024年總統副總統選舉,2024,臺北市,士林區,忠誠里,2024年總統副總統選舉,1,柯文哲,台灣民眾黨,698,
2024年總統副總統選舉,2024,臺北市,士林區,忠誠里,2024年總統副總統選舉,2,賴清德,民主進步黨,1055,*
2024年總統副總統選舉,2024,臺北市,士林區,忠誠里,2024年總統副總統選舉,3,侯友宜,中國國民黨,1605,
2024年總統副總統選舉,2024,臺北市,士林區,芝山里,2024年總統副總統選舉,1,柯文哲,台灣民眾黨,1079,
2024年總統副總統選舉,2024,臺北市,士林區,芝山里,2024年總統副總統選舉,2,賴清德,民主進步黨,1877,*
2024年總統副總統選舉,2024,臺北市,士林區,芝山里,2024年總統副總統選舉,3,侯友宜,中國國民黨,1768,
2024年總統副總統選舉,2024,臺北市,士林區,東山里,2024年總統副總統選舉,1,柯文哲,台灣民眾黨,734,
2024年總統副總統選舉,2024,臺北市,士林區,東山里,2024年總統副總統選舉,2,賴清德,民主進步黨,1043,*
2024年總統副總統選舉,2024,臺北市,士林區,東山里,2024年總統副總統選舉,3,侯友宜,中國國民黨,1362,
2024年總統副總統選舉,2024,臺北市,士林區,三玉里,2024年總統副總統選舉,1,柯文哲,台灣民眾黨,809,
2024年總統副總統選舉,2024,臺北市,士林區,三玉里,2024年總統副總統選舉,2,賴清德,民主進步黨,1464,*
2024年總統副總統選舉,2024,臺北市,士林區,三玉里,2024年總統副總統選舉,3,侯友宜,中國國民黨,1357,
2024年總統副總統選舉,2024,臺北市,士林區,蘭雅里,2024年總統副總統選舉,1,柯文哲,台灣民眾黨,1237,
2024年總統副總統選舉,2024,臺北市,士林區,蘭雅里,2024年總統副總統選舉,2,賴清德,民主進步黨,2206,*
2024年總統副總統選舉,2024,臺北市,士林區,蘭雅里,2024年總統副總統選舉,3,侯友宜,中國國民黨,1931,
2024年總統副總統選舉,2024,臺北市,士林區,蘭興里,2024年總統副總統選舉,1,柯文哲,台灣民眾黨,845,
2024年總統副總統選舉,2024,臺北市,士林區,蘭興里,2024年總統副總統選舉,2,賴清德,民主進步黨,1719,*
2024年總統副總統選舉,2024,臺北市,士林區,蘭興里,2024年總統副總統選舉,3,侯友宜,中國國民黨,1416,
2024年總統副總統選舉,2024,臺北市,士林區,天福里,2024年總統副總統選舉,1,柯文哲,台灣民眾黨,846,
2024年總統副總統選舉,2024,臺北市,士林區,天福里,2024年總統副總統選舉,2,賴清德,民主進步黨,1536,*
2024年總統副總統選舉,2024,臺北市,士林區,天福里,2024年總統副總統選舉,3,侯友宜,中國國民黨,1408,
2024年總統副總統選舉,2024,臺北市,士林區,天祿里,2024年總統副總統選舉,1,柯文哲,台灣民眾黨,688,
2024年總統副總統選舉,2024,臺北市,士林區,天祿里,2024年總統副總統選舉,2,賴清德,民主進步黨,1378,*
2024年總統副總統選舉,2024,臺北市,士林區,天祿里,2024年總統副總統選舉,3,侯友宜,中國國民黨,1040,
2024年總統副總統選舉,2024,臺北市,士林區,天壽里,2024年總統副總統選舉,1,柯文哲,台灣民眾黨,620,
2024年總統副總統選舉,2024,臺北市,士林區,天壽里,2024年總統副總統選舉,2,賴清德,民主進步黨,1262,*
2024年總統副總統選舉,2024,臺北市,士林區,天壽里,2024年總統副總統選舉,3,侯友宜,中國國民黨,1181,
2024年總統副總統選舉,2024,臺北市,士林區,天和里,2024年總統副總統選舉,1,柯文哲,台灣民眾黨,972,
2024年總統副總統選舉,2024,臺北市,士林區,天和里,2024年總統副總統選舉,2,賴清德,民主進步黨,1811,*
2024年總統副總統選舉,2024,臺北市,士林區,天和里,2024年總統副總統選舉,3,侯友宜,中國國民黨,1723,
2024年總統副總統選舉,2024,臺北市,士林區,天山里,2024年總統副總統選舉,1,柯文哲,台灣民眾黨,824,
2024年總統副總統選舉,2024,臺北市,士林區,天山里,2024年總統副總統選舉,2,賴清德,民主進步黨,1625,*
2024年總統副總統選舉,2024,臺北市,士林區,天山里,2024年總統副總統選舉,3,侯友宜,中國國民黨,1659,
2024年總統副總統選舉,2024,臺北市,士林區,天玉里,2024年總統副總統選舉,1,柯文哲,台灣民眾黨,1094,
2024年總統副總統選舉,2024,臺北市,士林區,天玉里,2024年總統副總統選舉,2,賴清德,民主進步黨,2149,*
2024年總統副總統選舉,2024,臺北市,士林區,天玉里,2024年總統副總統選舉,3,侯友宜,中國國民黨,2005,
2024年總統副總統選舉,2024,臺北市,士林區,天母里,2024年總統副總統選舉,1,柯文哲,台灣民眾黨,818,
2024年總統副總統選舉,2024,臺北市,士林區,天母里,2024年總統副總統選舉,2,賴清德,民主進步黨,1593,*
2024年總統副總統選舉,2024,臺北市,士林區,天母里,2024年總統副總統選舉,3,侯友宜,中國國民黨,1590,
2024年總統副總統選舉,2024,臺北市,士林區,永福里,2024年總統副總統選舉,1,柯文哲,台灣民眾黨,132,
2024年總統副總統選舉,2024,臺北市,士林區,永福里,2024年總統副總統選舉,2,賴清德,民主進步黨,421,*
2024年總統副總統選舉,2024,臺北市,士林區,永福里,2024年總統副總統選舉,3,侯友宜,中國國民黨,238,
2024年總統副總統選舉,2024,臺北市,士林區,公館里,2024年總統副總統選舉,1,柯文哲,台灣民眾黨,187,
2024年總統副總統選舉,2024,臺北市,士林區,公館里,2024年總統副總統選舉,2,賴清德,民主進步黨,418,*
2024年總統副總統選舉,2024,臺北市,士林區,公館里,2024年總統副總統選舉,3,侯友宜,中國國民黨,208,
2024年總統副總統選舉,2024,臺北市,士林區,新安里,2024年總統副總統選舉,1,柯文哲,台灣民眾黨,216,
2024年總統副總統選舉,2024,臺北市,士林區,新安里,2024年總統副總統選舉,2,賴清德,民主進步黨,590,*
2024年總統副總統選舉,2024,臺北市,士林區,新安里,2024年總統副總統選舉,3,侯友宜,中國國民黨,381,
2024年總統副總統選舉,2024,臺北市,士林區,陽明里,2024年總統副總統選舉,1,柯文哲,台灣民眾黨,347,
2024年總統副總統選舉,2024,臺北市,士林區,陽明里,2024年總統副總統選舉,2,賴清德,民主進步黨,753,*
2024年總統副總統選舉,2024,臺北市,士林區,陽明里,2024年總統副總統選舉,3,侯友宜,中國國民黨,690,
2024年總統副總統選舉,2024,臺北市,士林區,菁山里,2024年總統副總統選舉,1,柯文哲,台灣民眾黨,209,
2024年總統副總統選舉,2024,臺北市,士林區,菁山里,2024年總統副總統選舉,2,賴清德,民主進步黨,430,*
2024年總統副總統選舉,2024,臺北市,士林區,菁山里,2024年總統副總統選舉,3,侯友宜,中國國民黨,314,
2024年總統副總統選舉,2024,臺北市,士林區,平等里,2024年總統副總統選舉,1,柯文哲,台灣民眾黨,179,
2024年總統副總統選舉,2024,臺北市,士林區,平等里,2024年總統副總統選舉,2,賴清德,民主進步黨,554,*
2024年總統副總統選舉,2024,臺北市,士林區,平等里,2024年總統副總統選舉,3,侯友宜,中國國民黨,219,
2024年總統副總統選舉,2024,臺北市,士林區,溪山里,2024年總統副總統選舉,1,柯文哲,台灣民眾黨,193,
2024年總統副總統選舉,2024,臺北市,士林區,溪山里,2024年總統副總統選舉,2,賴清德,民主進步黨,474,*
2024年總統副總統選舉,2024,臺北市,士林區,溪山里,2024年總統副總統選舉,3,侯友宜,中國國民黨,288,
2024年總統副總統選舉,2024,臺北市,士林區,翠山里,2024年總統副總統選舉,1,柯文哲,台灣民眾黨,331,
2024年總統副總統選舉,2024,臺北市,士林區,翠山里,2024年總統副總統選舉,2,賴清德,民主進步黨,469,*
2024年總統副總統選舉,2024,臺北市,士林區,翠山里,2024年總統副總統選舉,3,侯友宜,中國國民黨,910,
2024年總統副總統選舉,2024,臺北市,士林區,臨溪里,2024年總統副總統選舉,1,柯文哲,台灣民眾黨,319,
2024年總統副總統選舉,2024,臺北市,士林區,臨溪里,2024年總統副總統選舉,2,賴清德,民主進步黨,690,*
2024年總統副總統選舉,2024,臺北市,士林區,臨溪里,2024年總統副總統選舉,3,侯友宜,中國國民黨,685,
2024年總統副總統選舉,2024,臺北市,北投區,建民里,2024年總統副總統選舉,1,柯文哲,台灣民眾黨,638,
2024年總統副總統選舉,2024,臺北市,北投區,建民里,2024年總統副總統選舉,2,賴清德,民主進步黨,1295,*
2024年總統副總統選舉,2024,臺北市,北投區,建民里,2024年總統副總統選舉,3,侯友宜,中國國民黨,889,
2024年總統副總統選舉,2024,臺北市,北投區,文林里,2024年總統副總統選舉,1,柯文哲,台灣民眾黨,608,
2024年總統副總統選舉,2024,臺北市,北投區,文林里,2024年總統副總統選舉,2,賴清德,民主進步黨,1241,*
2024年總統副總統選舉,2024,臺北市,北投區,文林里,2024年總統副總統選舉,3,侯友宜,中國國民黨,914,
2024年總統副總統選舉,2024,臺北市,北投區,石牌里,2024年總統副總統選舉,1,柯文哲,台灣民眾黨,776,
2024年總統副總統選舉,2024,臺北市,北投區,石牌里,2024年總統副總統選舉,2,賴清德,民主進步黨,1382,*
2024年總統副總統選舉,2024,臺北市,北投區,石牌里,2024年總統副總統選舉,3,侯友宜,中國國民黨,1056,
2024年總統副總統選舉,2024,臺北市,北投區,福興里,2024年總統副總統選舉,1,柯文哲,台灣民眾黨,1117,
2024年總統副總統選舉,2024,臺北市,北投區,福興里,2024年總統副總統選舉,2,賴清德,民主進步黨,1795,*
2024年總統副總統選舉,2024,臺北市,北投區,福興里,2024年總統副總統選舉,3,侯友宜,中國國民黨,1442,
2024年總統副總統選舉,2024,臺北市,北投區,榮光里,2024年總統副總統選舉,1,柯文哲,台灣民眾黨,1109,
2024年總統副總統選舉,2024,臺北市,北投區,榮光里,2024年總統副總統選舉,2,賴清德,民主進步黨,1632,*
2024年總統副總統選舉,2024,臺北市,北投區,榮光里,2024年總統副總統選舉,3,侯友宜,中國國民黨,1499,
2024年總統副總統選舉,2024,臺北市,北投區,榮華里,2024年總統副總統選舉,1,柯文哲,台灣民眾黨,954,
2024年總統副總統選舉,2024,臺北市,北投區,榮華里,2024年總統副總統選舉,2,賴清德,民主進步黨,1864,*
2024年總統副總統選舉,2024,臺北市,北投區,榮華里,2024年總統副總統選舉,3,侯友宜,中國國民黨,1778,
2024年總統副總統選舉,2024,臺北市,北投區,裕民里,2024年總統副總統選舉,1,柯文哲,台灣民眾黨,1130,
2024年總統副總統選舉,2024,臺北市,北投區,裕民里,2024年總統副總統選舉,2,賴清德,民主進步黨,1951,*
2024年總統副總統選舉,2024,臺北市,北投區,裕民里,2024年總統副總統選舉,3,侯友宜,中國國民黨,1743,
2024年總統副總統選舉,2024,臺北市,北投區,振華里,2024年總統副總統選舉,1,柯文哲,台灣民眾黨,1040,
2024年總統副總統選舉,2024,臺北市,北投區,振華里,2024年總統副總統選舉,2,賴清德,民主進步黨,1785,*
2024年總統副總統選舉,2024,臺北市,北投區,振華里,2024年總統副總統選舉,3,侯友宜,中國國民黨,1764,
2024年總統副總統選舉,2024,臺北市,北投區,永和里,2024年總統副總統選舉,1,柯文哲,台灣民眾黨,1222,
2024年總統副總統選舉,2024,臺北市,北投區,永和里,2024年總統副總統選舉,2,賴清德,民主進步黨,2437,*
2024年總統副總統選舉,2024,臺北市,北投區,永和里,2024年總統副總統選舉,3,侯友宜,中國國民黨,2050,
2024年總統副總統選舉,2024,臺北市,北投區,永欣里,2024年總統副總統選舉,1,柯文哲,台灣民眾黨,1091,
2024年總統副總統選舉,2024,臺北市,北投區,永欣里,2024年總統副總統選舉,2,賴清德,民主進步黨,1970,*
2024年總統副總統選舉,2024,臺北市,北投區,永欣里,2024年總統副總統選舉,3,侯友宜,中國國民黨,1932,
2024年總統副總統選舉,2024,臺北市,北投區,永明里,2024年總統副總統選舉,1,柯文哲,台灣民眾黨,774,
2024年總統副總統選舉,2024,臺北市,北投區,永明里,2024年總統副總統選舉,2,賴清德,民主進步黨,1132,*
2024年總統副總統選舉,2024,臺北市,北投區,永明里,2024年總統副總統選舉,3,侯友宜,中國國民黨,1098,
2024年總統副總統選舉,2024,臺北市,北投區,東華里,2024年總統副總統選舉,1,柯文哲,台灣民眾黨,650,
2024年總統副總統選舉,2024,臺北市,北投區,東華里,2024年總統副總統選舉,2,賴清德,民主進步黨,1047,*
2024年總統副總統選舉,2024,臺北市,北投區,東華里,2024年總統副總統選舉,3,侯友宜,中國國民黨,1072,
2024年總統副總統選舉,2024,臺北市,北投區,吉利里,2024年總統副總統選舉,1,柯文哲,台灣民眾黨,1086,
2024年總統副總統選舉,2024,臺北市,北投區,吉利里,2024年總統副總統選舉,2,賴清德,民主進步黨,1525,*
2024年總統副總統選舉,2024,臺北市,北投區,吉利里,2024年總統副總統選舉,3,侯友宜,中國國民黨,1631,
2024年總統副總統選舉,2024,臺北市,北投區,吉慶里,2024年總統副總統選舉,1,柯文哲,台灣民眾黨,789,
2024年總統副總統選舉,2024,臺北市,北投區,吉慶里,2024年總統副總統選舉,2,賴清德,民主進步黨,1419,*
2024年總統副總統選舉,2024,臺北市,北投區,吉慶里,2024年總統副總統選舉,3,侯友宜,中國國民黨,990,
2024年總統副總統選舉,2024,臺北市,北投區,尊賢里,2024年總統副總統選舉,1,柯文哲,台灣民眾黨,715,
2024年總統副總統選舉,2024,臺北市,北投區,尊賢里,2024年總統副總統選舉,2,賴清德,民主進步黨,1363,*
2024年總統副總統選舉,2024,臺北市,北投區,尊賢里,2024年總統副總統選舉,3,侯友宜,中國國民黨,862,
2024年總統副總統選舉,2024,臺北市,北投區,立賢里,2024年總統副總統選舉,1,柯文哲,台灣民眾黨,885,
2024年總統副總統選舉,2024,臺北市,北投區,立賢里,2024年總統副總統選舉,2,賴清德,民主進步黨,1363,*
2024年總統副總統選舉,2024,臺北市,北投區,立賢里,2024年總統副總統選舉,3,侯友宜,中國國民黨,1072,
2024年總統副總統選舉,2024,臺北市,北投區,立農里,2024年總統副總統選舉,1,柯文哲,台灣民眾黨,1592,
2024年總統副總統選舉,2024,臺北市,北投區,立農里,2024年總統副總統選舉,2,賴清德,民主進步黨,2391,*
2024年總統副總統選舉,2024,臺北市,北投區,立農里,2024年總統副總統選舉,3,侯友宜,中國國民黨,1855,
2024年總統副總統選舉,2024,臺北市,北投區,八仙里,2024年總統副總統選舉,1,柯文哲,台灣民眾黨,764,
2024年總統副總統選舉,2024,臺北市,北投區,八仙里,2024年總統副總統選舉,2,賴清德,民主進步黨,1401,*
2024年總統副總統選舉,2024,臺北市,北投區,八仙里,2024年總統副總統選舉,3,侯友宜,中國國民黨,1137,
2024年總統副總統選舉,2024,臺北市,北投區,洲美里,2024年總統副總統選舉,1,柯文哲,台灣民眾黨,386,
2024年總統副總統選舉,2024,臺北市,北投區,洲美里,2024年總統副總統選舉,2,賴清德,民主進步黨,799,*
2024年總統副總統選舉,2024,臺北市,北投區,洲美里,2024年總統副總統選舉,3,侯友宜,中國國民黨,362,
2024年總統副總統選舉,2024,臺北市,北投區,奇岩里,2024年總統副總統選舉,1,柯文哲,台灣民眾黨,1746,
2024年總統副總統選舉,2024,臺北市,北投區,奇岩里,2024年總統副總統選舉,2,賴清德,民主進步黨,2979,*
2024年總統副總統選舉,2024,臺北市,北投區,奇岩里,2024年總統副總統選舉,3,侯友宜,中國國民黨,2412,
2024年總統副總統選舉,2024,臺北市,北投區,清江里,2024年總統副總統選舉,1,柯文哲,台灣民眾黨,1231,
2024年總統副總統選舉,2024,臺北市,北投區,清江里,2024年總統副總統選舉,2,賴清德,民主進步黨,2316,*
2024年總統副總統選舉,2024,臺北市,北投區,清江里,2024年總統副總統選舉,3,侯友宜,中國國民黨,1815,
2024年總統副總統選舉,2024,臺北市,北投區,中央里,2024年總統副總統選舉,1,柯文哲,台灣民眾黨,1175,
2024年總統副總統選舉,2024,臺北市,北投區,中央里,2024年總統副總統選舉,2,賴清德,民主進步黨,2183,*
2024年總統副總統選舉,2024,臺北市,北投區,中央里,2024年總統副總統選舉,3,侯友宜,中國國民黨,1589,
2024年總統副總統選舉,2024,臺北市,北投區,長安里,2024年總統副總統選舉,1,柯文哲,台灣民眾黨,912,
2024年總統副總統選舉,2024,臺北市,北投區,長安里,2024年總統副總統選舉,2,賴清德,民主進步黨,1528,*
2024年總統副總統選舉,2024,臺北市,北投區,長安里,2024年總統副總統選舉,3,侯友宜,中國國民黨,1213,
2024年總統副總統選舉,2024,臺北市,北投區,大同里,2024年總統副總統選舉,1,柯文哲,台灣民眾黨,798,
2024年總統副總統選舉,2024,臺北市,北投區,大同里,2024年總統副總統選舉,2,賴清德,民主進步黨,1519,*
2024年總統副總統選舉,2024,臺北市,北投區,大同里,2024年總統副總統選舉,3,侯友宜,中國國民黨,1078,
2024年總統副總統選舉,2024,臺北市,北投區,溫泉里,2024年總統副總統選舉,1,柯文哲,台灣民眾黨,907,
2024年總統副總統選舉,2024,臺北市,北投區,溫泉里,2024年總統副總統選舉,2,賴清德,民主進步黨,1750,*
2024年總統副總統選舉,2024,臺北市,北投區,溫泉里,2024年總統副總統選舉,3,侯友宜,中國國民黨,1385,
2024年總統副總統選舉,2024,臺北市,北投區,林泉里,2024年總統副總統選舉,1,柯文哲,台灣民眾黨,454,
2024年總統副總統選舉,2024,臺北市,北投區,林泉里,2024年總統副總統選舉,2,賴清德,民主進步黨,631,*
2024年總統副總統選舉,2024,臺北市,北投區,林泉里,2024年總統副總統選舉,3,侯友宜,中國國民黨,659,
2024年總統副總統選舉,2024,臺北市,北投區,中心里,2024年總統副總統選舉,1,柯文哲,台灣民眾黨,1009,
2024年總統副總統選舉,2024,臺北市,北投區,中心里,2024年總統副總統選舉,2,賴清德,民主進步黨,1582,*
2024年總統副總統選舉,2024,臺北市,北投區,中心里,2024年總統副總統選舉,3,侯友宜,中國國民黨,1347,
2024年總統副總統選舉,2024,臺北市,北投區,中庸里,2024年總統副總統選舉,1,柯文哲,台灣民眾黨,616,
2024年總統副總統選舉,2024,臺北市,北投區,中庸里,2024年總統副總統選舉,2,賴清德,民主進步黨,1049,*
2024年總統副總統選舉,2024,臺北市,北投區,中庸里,2024年總統副總統選舉,3,侯友宜,中國國民黨,787,
2024年總統副總統選舉,2024,臺北市,北投區,開明里,2024年總統副總統選舉,1,柯文哲,台灣民眾黨,973,
2024年總統副總統選舉,2024,臺北市,北投區,開明里,2024年總統副總統選舉,2,賴清德,民主進步黨,1594,*
2024年總統副總統選舉,2024,臺北市,北投區,開明里,2024年總統副總統選舉,3,侯友宜,中國國民黨,1572,
2024年總統副總統選舉,2024,臺北市,北投區,中和里,2024年總統副總統選舉,1,柯文哲,台灣民眾黨,702,
2024年總統副總統選舉,2024,臺北市,北投區,中和里,2024年總統副總統選舉,2,賴清德,民主進步黨,1203,*
2024年總統副總統選舉,2024,臺北市,北投區,中和里,2024年總統副總統選舉,3,侯友宜,中國國民黨,1150,
2024年總統副總統選舉,2024,臺北市,北投區,智仁里,2024年總統副總統選舉,1,柯文哲,台灣民眾黨,997,
2024年總統副總統選舉,2024,臺北市,北投區,智仁里,2024年總統副總統選舉,2,賴清德,民主進步黨,1382,*
2024年總統副總統選舉,2024,臺北市,北投區,智仁里,2024年總統副總統選舉,3,侯友宜,中國國民黨,1293,
2024年總統副總統選舉,2024,臺北市,北投區,秀山里,2024年總統副總統選舉,1,柯文哲,台灣民眾黨,434,
2024年總統副總統選舉,2024,臺北市,北投區,秀山里,2024年總統副總統選舉,2,賴清德,民主進步黨,754,*
2024年總統副總統選舉,2024,臺北市,北投區,秀山里,2024年總統副總統選舉,3,侯友宜,中國國民黨,764,
2024年總統副總統選舉,2024,臺北市,北投區,文化里,2024年總統副總統選舉,1,柯文哲,台灣民眾黨,584,
2024年總統副總統選舉,2024,臺北市,北投區,文化里,2024年總統副總統選舉,2,賴清德,民主進步黨,681,*
2024年總統副總統選舉,2024,臺北市,北投區,文化里,2024年總統副總統選舉,3,侯友宜,中國國民黨,1224,
2024年總統副總統選舉,2024,臺北市,北投區,豐年里,2024年總統副總統選舉,1,柯文哲,台灣民眾黨,687,
2024年總統副總統選舉,2024,臺北市,北投區,豐年里,2024年總統副總統選舉,2,賴清德,民主進步黨,955,*
2024年總統副總統選舉,2024,臺北市,北投區,豐年里,2024年總統副總統選舉,3,侯友宜,中國國民黨,905,
2024年總統副總統選舉,2024,臺北市,北投區,稻香里,2024年總統副總統選舉,1,柯文哲,台灣民眾黨,798,
2024年總統副總統選舉,2024,臺北市,北投區,稻香里,2024年總統副總統選舉,2,賴清德,民主進步黨,1274,*
2024年總統副總統選舉,2024,臺北市,北投區,稻香里,2024年總統副總統選舉,3,侯友宜,中國國民黨,1331,
2024年總統副總統選舉,2024,臺北市,北投區,桃源里,2024年總統副總統選舉,1,柯文哲,台灣民眾黨,986,
2024年總統副總統選舉,2024,臺北市,北投區,桃源里,2024年總統副總統選舉,2,賴清德,民主進步黨,1577,*
2024年總統副總統選舉,2024,臺北市,北投區,桃源里,2024年總統副總統選舉,3,侯友宜,中國國民黨,1176,
2024年總統副總統選舉,2024,臺北市,北投區,一德里,2024年總統副總統選舉,1,柯文哲,台灣民眾黨,1197,
2024年總統副總統選舉,2024,臺北市,北投區,一德里,2024年總統副總統選舉,2,賴清德,民主進步黨,1993,*
2024年總統副總統選舉,2024,臺北市,北投區,一德里,2024年總統副總統選舉,3,侯友宜,中國國民黨,1417,
2024年總統副總統選舉,2024,臺北市,北投區,關渡里,2024年總統副總統選舉,1,柯文哲,台灣民眾黨,1627,
2024年總統副總統選舉,2024,臺北市,北投區,關渡里,2024年總統副總統選舉,2,賴清德,民主進步黨,2723,*
2024年總統副總統選舉,2024,臺北市,北投區,關渡里,2024年總統副總統選舉,3,侯友宜,中國國民黨,2266,
2024年總統副總統選舉,2024,臺北市,北投區,泉源里,2024年總統副總統選舉,1,柯文哲,台灣民眾黨,352,
2024年總統副總統選舉,2024,臺北市,北投區,泉源里,2024年總統副總統選舉,2,賴清德,民主進步黨,651,*
2024年總統副總統選舉,2024,臺北市,北投區,泉源里,2024年總統副總統選舉,3,侯友宜,中國國民黨,413,
2024年總統副總統選舉,2024,臺北市,北投區,湖山里,2024年總統副總統選舉,1,柯文哲,台灣民眾黨,180,
2024年總統副總統選舉,2024,臺北市,北投區,湖山里,2024年總統副總統選舉,2,賴清德,民主進步黨,434,*
2024年總統副總統選舉,2024,臺北市,北投區,湖山里,2024年總統副總統選舉,3,侯友宜,中國國民黨,334,
2024年總統副總統選舉,2024,臺北市,北投區,大屯里,2024年總統副總統選舉,1,柯文哲,台灣民眾黨,162,
2024年總統副總統選舉,2024,臺北市,北投區,大屯里,2024年總統副總統選舉,2,賴清德,民主進步黨,376,*
2024年總統副總統選舉,2024,臺北市,北投區,大屯里,2024年總統副總統選舉,3,侯友宜,中國國民黨,190,
2024年總統副總統選舉,2024,臺北市,北投區,湖田里,2024年總統副總統選舉,1,柯文哲,台灣民眾黨,122,
2024年總統副總統選舉,2024,臺北市,北投區,湖田里,2024年總統副總統選舉,2,賴清德,民主進步黨,225,*
2024年總統副總統選舉,2024,臺北市,北投區,湖田里,2024年總統副總統選舉,3,侯友宜,中國國民黨,191,
