election,seat,candidate,party,votes,valid,share_pct,village_count
2012 總統,3,蔡英文,民主進步黨,85752,215804,39.736057,62
2012 總統,3,馬英九,中國國民黨,124303,215804,57.599952,62
2012 總統,3,宋楚瑜,無黨籍及未經政黨推薦,5749,215804,2.663991,62
2012 總統,4,蔡英文,民主進步黨,89067,235847,37.764737,59
2012 總統,4,馬英九,中國國民黨,140538,235847,59.588632,59
2012 總統,4,宋楚瑜,無黨籍及未經政黨推薦,6242,235847,2.646631,59
2012 總統,6,蔡英文,民主進步黨,62918,184472,34.107073,53
2012 總統,6,馬英九,中國國民黨,116778,184472,63.303916,53
2012 總統,6,宋楚瑜,無黨籍及未經政黨推薦,4776,184472,2.589011,53
2012 總統,7,蔡英文,民主進步黨,69749,186594,37.380087,54
2012 總統,7,馬英九,中國國民黨,111975,186594,60.009968,54
2012 總統,7,宋楚瑜,無黨籍及未經政黨推薦,4870,186594,2.609945,54
2012 總統,8,蔡英文,民主進步黨,59251,189038,31.343434,53
2012 總統,8,馬英九,中國國民黨,124722,189038,65.977211,53
2012 總統,8,宋楚瑜,無黨籍及未經政黨推薦,5065,189038,2.679355,53
2014 臺北市長,3,陳汝斌,三等國民公義人權自救黨,210,199554,0.105235,62
2014 臺北市長,3,趙衍慶,無黨籍及未經政黨推薦,2035,199554,1.019774,62
2014 臺北市長,3,李宏信,無黨籍及未經政黨推薦,359,199554,0.179901,62
2014 臺北市長,3,陳永昌,無黨籍及未經政黨推薦,240,199554,0.120268,62
2014 臺北市長,3,馮光遠,無黨籍及未經政黨推薦,1087,199554,0.544715,62
2014 臺北市長,3,連勝文,中國國民黨,81860,199554,41.021478,62
2014 臺北市長,3,柯文哲,無黨籍及未經政黨推薦,113763,199554,57.008629,62
2014 臺北市長,4,陳汝斌,三等國民公義人權自救黨,207,223437,0.092644,59
2014 臺北市長,4,趙衍慶,無黨籍及未經政黨推薦,2749,223437,1.230324,59
2014 臺北市長,4,李宏信,無黨籍及未經政黨推薦,384,223437,0.171861,59
2014 臺北市長,4,陳永昌,無黨籍及未經政黨推薦,309,223437,0.138294,59
2014 臺北市長,4,馮光遠,無黨籍及未經政黨推薦,1180,223437,0.528113,59
2014 臺北市長,4,連勝文,中國國民黨,91060,223437,40.754217,59
2014 臺北市長,4,柯文哲,無黨籍及未經政黨推薦,127548,223437,57.084547,59
2014 臺北市長,6,陳汝斌,三等國民公義人權自救黨,133,166029,0.080106,53
2014 臺北市長,6,趙衍慶,無黨籍及未經政黨推薦,1690,166029,1.017894,53
2014 臺北市長,6,李宏信,無黨籍及未經政黨推薦,312,166029,0.187919,53
2014 臺北市長,6,陳永昌,無黨籍及未經政黨推薦,174,166029,0.104801,53
2014 臺北市長,6,馮光遠,無黨籍及未經政黨推薦,1034,166029,0.622783,53
2014 臺北市長,6,連勝文,中國國民黨,75755,166029,45.627571,53
2014 臺北市長,6,柯文哲,無黨籍及未經政黨推薦,86931,166029,52.358925,53
2014 臺北市長,7,陳汝斌,三等國民公義人權自救黨,206,173548,0.118699,54
2014 臺北市長,7,趙衍慶,無黨籍及未經政黨推薦,1849,173548,1.065411,54
2014 臺北市長,7,李宏信,無黨籍及未經政黨推薦,307,173548,0.176896,54
2014 臺北市長,7,陳永昌,無黨籍及未經政黨推薦,246,173548,0.141748,54
2014 臺北市長,7,馮光遠,無黨籍及未經政黨推薦,877,173548,0.505336,54
2014 臺北市長,7,連勝文,中國國民黨,74944,173548,43.183442,54
2014 臺北市長,7,柯文哲,無黨籍及未經政黨推薦,95119,173548,54.808468,54
2014 臺北市長,8,陳汝斌,三等國民公義人權自救黨,186,174155,0.106801,53
2014 臺北市長,8,趙衍慶,無黨籍及未經政黨推薦,2146,174155,1.232236,53
2014 臺北市長,8,李宏信,無黨籍及未經政黨推薦,327,174155,0.187764,53
2014 臺北市長,8,陳永昌,無黨籍及未經政黨推薦,235,174155,0.134937,53
2014 臺北市長,8,馮光遠,無黨籍及未經政黨推薦,1130,174155,0.648847,53
2014 臺北市長,8,連勝文,中國國民黨,82139,174155,47.164308,53
2014 臺北市長,8,柯文哲,無黨籍及未經政黨推薦,87992,174155,50.525107,53
2016 總統,3,朱立倫,中國國民黨,73178,195211,37.486617,62
2016 總統,3,蔡英文,民主進步黨,101680,195211,52.087229,62
2016 總統,3,宋楚瑜,親民黨,20353,195211,10.426154,62
2016 總統,4,朱立倫,中國國民黨,81360,218280,37.273227,59
2016 總統,4,蔡英文,民主進步黨,111890,218280,51.25985,59
2016 總統,4,宋楚瑜,親民黨,25030,218280,11.466923,59
2016 總統,6,朱立倫,中國國民黨,69737,162457,42.926436,53
2016 總統,6,蔡英文,民主進步黨,76278,162457,46.952732,53
2016 總統,6,宋楚瑜,親民黨,16442,162457,10.120832,53
2016 總統,7,朱立倫,中國國民黨,66141,167192,39.559907,54
2016 總統,7,蔡英文,民主進步黨,82950,167192,49.613618,54
2016 總統,7,宋楚瑜,親民黨,18101,167192,10.826475,54
2016 總統,8,朱立倫,中國國民黨,75874,171178,44.324621,53
2016 總統,8,蔡英文,民主進步黨,75744,171178,44.248677,53
2016 總統,8,宋楚瑜,親民黨,19560,171178,11.426702,53
2018 臺北市長,3,吳蕚洋,無黨籍及未經政黨推薦,744,189246,0.393139,62
2018 臺北市長,3,丁守中,中國國民黨,77239,189246,40.814073,62
2018 臺北市長,3,姚文智,民主進步黨,33836,189246,17.879374,62
2018 臺北市長,3,柯文哲,無黨籍及未經政黨推薦,76676,189246,40.516576,62
2018 臺北市長,3,李錫錕,無黨籍及未經政黨推薦,751,189246,0.396838,62
2018 臺北市長,4,吳蕚洋,無黨籍及未經政黨推薦,836,216852,0.385516,59
2018 臺北市長,4,丁守中,中國國民黨,87817,216852,40.496283,59
2018 臺北市長,4,姚文智,民主進步黨,32576,216852,15.022227,59
2018 臺北市長,4,柯文哲,無黨籍及未經政黨推薦,94660,216852,43.651892,59
2018 臺北市長,4,李錫錕,無黨籍及未經政黨推薦,963,216852,0.444082,59
2018 臺北市長,6,吳蕚洋,無黨籍及未經政黨推薦,582,158137,0.368035,53
2018 臺北市長,6,丁守中,中國國民黨,72311,158137,45.726807,53
2018 臺北市長,6,姚文智,民主進步黨,23646,158137,14.952857,53
2018 臺北市長,6,柯文哲,無黨籍及未經政黨推薦,60940,158137,38.536206,53
2018 臺北市長,6,李錫錕,無黨籍及未經政黨推薦,658,158137,0.416095,53
2018 臺北市長,7,吳蕚洋,無黨籍及未經政黨推薦,657,161595,0.406572,54
2018 臺北市長,7,丁守中,中國國民黨,69658,161595,43.106532,54
2018 臺北市長,7,姚文智,民主進步黨,26774,161595,16.568582,54
2018 臺北市長,7,柯文哲,無黨籍及未經政黨推薦,63841,161595,39.506792,54
2018 臺北市長,7,李錫錕,無黨籍及未經政黨推薦,665,161595,0.411523,54
2018 臺北市長,8,吳蕚洋,無黨籍及未經政黨推薦,823,169466,0.485643,53
2018 臺北市長,8,丁守中,中國國民黨,79058,169466,46.651246,53
2018 臺北市長,8,姚文智,民主進步黨,22667,169466,13.375544,53
2018 臺北市長,8,柯文哲,無黨籍及未經政黨推薦,66099,169466,39.004284,53
2018 臺北市長,8,李錫錕,無黨籍及未經政黨推薦,819,169466,0.483283,53
2020 總統,3,宋楚瑜,親民黨,9718,220382,4.409616,62
2020 總統,3,韓國瑜,中國國民黨,92976,220382,42.188563,62
2020 總統,3,蔡英文,民主進步黨,117688,220382,53.40182,62
2020 總統,4,宋楚瑜,親民黨,11765,252408,4.661104,59
2020 總統,4,韓國瑜,中國國民黨,105405,252408,41.75977,59
2020 總統,4,蔡英文,民主進步黨,135238,252408,53.579126,59
2020 總統,6,宋楚瑜,親民黨,7534,182001,4.139538,53
2020 總統,6,韓國瑜,中國國民黨,85490,182001,46.972269,53
2020 總統,6,蔡英文,民主進步黨,88977,182001,48.888193,53
2020 總統,7,宋楚瑜,親民黨,7963,185575,4.290987,54
2020 總統,7,韓國瑜,中國國民黨,81786,185575,44.071669,54
2020 總統,7,蔡英文,民主進步黨,95826,185575,51.637343,54
2020 總統,8,宋楚瑜,親民黨,8722,195501,4.461358,53
2020 總統,8,韓國瑜,中國國民黨,94950,195501,48.567527,53
2020 總統,8,蔡英文,民主進步黨,91829,195501,46.971115,53
2022 臺北市長,3,張家豪,台灣動物保護黨,267,182216,0.146529,62
2022 臺北市長,3,王文娟,無黨籍及未經政黨推薦,58,182216,0.03183,62
2022 臺北市長,3,鄭匡宇,無黨籍及未經政黨推薦,42,182216,0.02305,62
2022 臺北市長,3,黃聖峰,台澎黨,24,182216,0.013171,62
2022 臺北市長,3,童文薰,無黨籍及未經政黨推薦,314,182216,0.172323,62
2022 臺北市長,3,蔣萬安,中國國民黨,81107,182216,44.511459,62
2022 臺北市長,3,蘇煥智,台灣維新,251,182216,0.137749,62
2022 臺北市長,3,黃珊珊,無黨籍及未經政黨推薦,40609,182216,22.286188,62
2022 臺北市長,3,施奉先,無黨籍及未經政黨推薦,36,182216,0.019757,62
2022 臺北市長,3,唐新民,共和黨,36,182216,0.019757,62
2022 臺北市長,3,謝立康,無黨籍及未經政黨推薦,30,182216,0.016464,62
2022 臺北市長,3,陳時中,民主進步黨,59442,182216,32.621724,62
2022 臺北市長,4,張家豪,台灣動物保護黨,283,211438,0.133845,59
2022 臺北市長,4,王文娟,無黨籍及未經政黨推薦,51,211438,0.024121,59
2022 臺北市長,4,鄭匡宇,無黨籍及未經政黨推薦,68,211438,0.032161,59
2022 臺北市長,4,黃聖峰,台澎黨,38,211438,0.017972,59
2022 臺北市長,4,童文薰,無黨籍及未經政黨推薦,298,211438,0.14094,59
2022 臺北市長,4,蔣萬安,中國國民黨,86103,211438,40.722576,59
2022 臺北市長,4,蘇煥智,台灣維新,240,211438,0.113508,59
2022 臺北市長,4,黃珊珊,無黨籍及未經政黨推薦,62712,211438,29.659758,59
2022 臺北市長,4,施奉先,無黨籍及未經政黨推薦,121,211438,0.057227,59
2022 臺北市長,4,唐新民,共和黨,44,211438,0.02081,59
2022 臺北市長,4,謝立康,無黨籍及未經政黨推薦,38,211438,0.017972,59
2022 臺北市長,4,陳時中,民主進步黨,61442,211438,29.05911,59
2022 臺北市長,6,張家豪,台灣動物保護黨,253,149952,0.168721,53
2022 臺北市長,6,王文娟,無黨籍及未經政黨推薦,30,149952,0.020006,53
2022 臺北市長,6,鄭匡宇,無黨籍及未經政黨推薦,26,149952,0.017339,53
2022 臺北市長,6,黃聖峰,台澎黨,31,149952,0.020673,53
2022 臺北市長,6,童文薰,無黨籍及未經政黨推薦,253,149952,0.168721,53
2022 臺北市長,6,蔣萬安,中國國民黨,69266,149952,46.192115,53
2022 臺北市長,6,蘇煥智,台灣維新,228,149952,0.152049,53
2022 臺北市長,6,黃珊珊,無黨籍及未經政黨推薦,34803,149952,23.209427,53
2022 臺北市長,6,施奉先,無黨籍及未經政黨推薦,21,149952,0.014004,53
2022 臺北市長,6,唐新民,共和黨,40,149952,0.026675,53
2022 臺北市長,6,謝立康,無黨籍及未經政黨推薦,9,149952,0.006002,53
2022 臺北市長,6,陳時中,民主進步黨,44992,149952,30.004268,53
2022 臺北市長,7,張家豪,台灣動物保護黨,253,153430,0.164896,54
2022 臺北市長,7,王文娟,無黨籍及未經政黨推薦,74,153430,0.04823,54
2022 臺北市長,7,鄭匡宇,無黨籍及未經政黨推薦,42,153430,0.027374,54
2022 臺北市長,7,黃聖峰,台澎黨,18,153430,0.011732,54
2022 臺北市長,7,童文薰,無黨籍及未經政黨推薦,230,153430,0.149905,54
2022 臺北市長,7,蔣萬安,中國國民黨,68444,153430,44.609268,54
2022 臺北市長,7,蘇煥智,台灣維新,183,153430,0.119273,54
2022 臺北市長,7,黃珊珊,無黨籍及未經政黨推薦,36775,153430,23.968585,54
2022 臺北市長,7,施奉先,無黨籍及未經政黨推薦,32,153430,0.020856,54
2022 臺北市長,7,唐新民,共和黨,28,153430,0.018249,54
2022 臺北市長,7,謝立康,無黨籍及未經政黨推薦,29,153430,0.018901,54
2022 臺北市長,7,陳時中,民主進步黨,47322,153430,30.84273,54
2022 臺北市長,8,張家豪,台灣動物保護黨,439,165323,0.265541,53
2022 臺北市長,8,王文娟,無黨籍及未經政黨推薦,45,165323,0.027219,53
2022 臺北市長,8,鄭匡宇,無黨籍及未經政黨推薦,54,165323,0.032663,53
2022 臺北市長,8,黃聖峰,台澎黨,37,165323,0.02238,53
2022 臺北市長,8,童文薰,無黨籍及未經政黨推薦,303,165323,0.183278,53
2022 臺北市長,8,蔣萬安,中國國民黨,79272,165323,47.949771,53
2022 臺北市長,8,蘇煥智,台灣維新,265,165323,0.160292,53
2022 臺北市長,8,黃珊珊,無黨籍及未經政黨推薦,41608,165323,25.167702,53
2022 臺北市長,8,施奉先,無黨籍及未經政黨推薦,45,165323,0.027219,53
2022 臺北市長,8,唐新民,共和黨,50,165323,0.030244,53
2022 臺北市長,8,謝立康,無黨籍及未經政黨推薦,22,165323,0.013307,53
2022 臺北市長,8,陳時中,民主進步黨,43183,165323,26.120383,53
2024 總統,3,柯文哲,台灣民眾黨,46051,206020,22.352684,62
2024 總統,3,賴清德,民主進步黨,80695,206020,39.168527,62
2024 總統,3,侯友宜,中國國民黨,79274,206020,38.478788,62
2024 總統,4,柯文哲,台灣民眾黨,63604,242370,26.242522,59
2024 總統,4,賴清德,民主進步黨,87456,242370,36.083674,59
2024 總統,4,侯友宜,中國國民黨,91310,242370,37.673805,59
2024 總統,6,柯文哲,台灣民眾黨,35909,171244,20.969494,53
2024 總統,6,賴清德,民主進步黨,62381,171244,36.428138,53
2024 總統,6,侯友宜,中國國民黨,72954,171244,42.602369,53
2024 總統,7,柯文哲,台灣民眾黨,40398,174398,23.164256,54
2024 總統,7,賴清德,民主進步黨,64167,174398,36.793427,54
2024 總統,7,侯友宜,中國國民黨,69833,174398,40.042317,54
2024 總統,8,柯文哲,台灣民眾黨,46036,187151,24.598319,53
2024 總統,8,賴清德,民主進步黨,59614,187151,31.853423,53
2024 總統,8,侯友宜,中國國民黨,81501,187151,43.548258,53
